OrganizationIdentifier,OrganizationFormalName,ActivityIdentifier,ActivityTypeCode,ActivityMediaName,ActivityMediaSubdivisionName,ActivityStartDate,ActivityStartTime/Time,ActivityStartTime/TimeZoneCode,ActivityEndDate,ActivityEndTime/Time,ActivityEndTime/TimeZoneCode,ActivityDepthHeightMeasure/MeasureValue,ActivityDepthHeightMeasure/MeasureUnitCode,ActivityDepthAltitudeReferencePointText,ActivityTopDepthHeightMeasure/MeasureValue,ActivityTopDepthHeightMeasure/MeasureUnitCode,ActivityBottomDepthHeightMeasure/MeasureValue,ActivityBottomDepthHeightMeasure/MeasureUnitCode,ProjectIdentifier,ActivityConductingOrganizationText,MonitoringLocationIdentifier,ActivityCommentText,SampleAquifer,HydrologicCondition,HydrologicEvent,SampleCollectionMethod/MethodIdentifier,SampleCollectionMethod/MethodIdentifierContext,SampleCollectionMethod/MethodName,SampleCollectionEquipmentName,ResultDetectionConditionText,CharacteristicName,ResultSampleFractionText,ResultMeasureValue,ResultMeasure/MeasureUnitCode,MeasureQualifierCode,ResultStatusIdentifier,StatisticalBaseCode,ResultValueTypeName,ResultWeightBasisText,ResultTimeBasisText,ResultTemperatureBasisText,ResultParticleSizeBasisText,PrecisionValue,ResultCommentText,USGSPCode,ResultDepthHeightMeasure/MeasureValue,ResultDepthHeightMeasure/MeasureUnitCode,ResultDepthAltitudeReferencePointText,SubjectTaxonomicName,SampleTissueAnatomyName,ResultAnalyticalMethod/MethodIdentifier,ResultAnalyticalMethod/MethodIdentifierContext,ResultAnalyticalMethod/MethodName,MethodDescriptionText,LaboratoryName,AnalysisStartDate,ResultLaboratoryCommentText,DetectionQuantitationLimitTypeName,DetectionQuantitationLimitMeasure/MeasureValue,DetectionQuantitationLimitMeasure/MeasureUnitCode,PreparationStartDate,ProviderName
21FLTLHR_WQX,FDEP TALLAHASSEE REGIONAL OPERATIONS CENTER,21FLTLHR_WQX-G2TLHR0016-02/24/25,Sample-Routine,Water,Surface Water,2025-02-24,12:20:00,EST,2025-02-24,12:20:00,EST,.3,m,,,,,,SMP,FDEP TALLAHASSEE REGIONAL OPERATIONS CENTER,21FLTLHR_WQX-G2TLHR0016,,,,,Direct Grab,21FLTLHR_WQX,Direct Grab,Water Bottle,,Pheophytin a,Total,1.4,ug/L,,Final,,Actual,,,,,,**I**Precision data is not available for at least one component due to the small amount of analyte in the QC sample. Refer to QA report for available precision data.,,,,,,,10200-H,APHA,10200 H ~ Chlorophyll a-b-c Determination,,E31780,2025-02-26,,Practical Quantitation Limit,3,ug/L,,STORET
21FLTLHR_WQX,FDEP TALLAHASSEE REGIONAL OPERATIONS CENTER,21FLTLHR_WQX-G2TLHR0016-02/24/25-FP1,Field Msr/Obs,Water,Surface Water,2025-02-24,12:20:00,EST,2025-02-24,12:20:00,EST,.3,m,,,,,,SMP,FDEP TALLAHASSEE REGIONAL OPERATIONS CENTER,21FLTLHR_WQX-G2TLHR0016,,,,,Field Test-Discrete,21FLTLHR_WQX,Field Testing- Discrete,Miscellaneous (Other),,"Temperature, water",,12.6,deg C,,Final,,Actual,,,,,,,,,,,,,FDEP FT1400,21FLTLHR_WQX,FDEP FT1400,,,,,,,,,STORET
21FLTLHR_WQX,FDEP TALLAHASSEE REGIONAL OPERATIONS CENTER,21FLTLHR_WQX-G2TLHR0016-02/24/25,Sample-Routine,Water,Surface Water,2025-02-24,12:20:00,EST,2025-02-24,12:20:00,EST,.3,m,,,,,,SMP,FDEP TALLAHASSEE REGIONAL OPERATIONS CENTER,21FLTLHR_WQX-G2TLHR0016,,,,,Direct Grab,21FLTLHR_WQX,Direct Grab,Water Bottle,,Fluoride,Total,0.035,mg/L,,Final,,Actual,,,,,,**I**Batch matrix spike recoveries are unavailable because of high analyte concentration in the QC sample.,,,,,,,4500-F-C,APHA,4500 F C ~ Fluoride in Water Using an ISE,https://www.nemi.gov/methods/method_summary/5709/,E31780,2025-02-26,,Practical Quantitation Limit,.1,mg/L,,STORET
21FLTLHR_WQX,FDEP TALLAHASSEE REGIONAL OPERATIONS CENTER,21FLTLHR_WQX-G2TLHR0016-02/24/25-FP1,Field Msr/Obs,Water,Surface Water,2025-02-24,12:20:00,EST,2025-02-24,12:20:00,EST,.3,m,,,,,,SMP,FDEP TALLAHASSEE REGIONAL OPERATIONS CENTER,21FLTLHR_WQX-G2TLHR0016,,,,,Field Test-Discrete,21FLTLHR_WQX,Field Testing- Discrete,Miscellaneous (Other),,"Depth, Secchi disk depth",,0.6,m,,Final,,Actual,,,,,,**S**,,,,,,,FDEP FT1700,21FLTLHR_WQX,FDEP FT1700,,,,,,,,,STORET
21FLTLHR_WQX,FDEP TALLAHASSEE REGIONAL OPERATIONS CENTER,21FLTLHR_WQX-G2TLHR0016-02/24/25-FP1,Field Msr/Obs,Water,Surface Water,2025-02-24,12:20:00,EST,2025-02-24,12:20:00,EST,.3,m,,,,,,SMP,FDEP TALLAHASSEE REGIONAL OPERATIONS CENTER,21FLTLHR_WQX-G2TLHR0016,,,,,Field Test-Discrete,21FLTLHR_WQX,Field Testing- Discrete,Miscellaneous (Other),,Specific conductance,,180,umho/cm,,Final,,Actual,,,,,,,,,,,,,FDEP FT1200,21FLTLHR_WQX,FDEP FT1200,,,,,,,,,STORET
21FLTLHR_WQX,FDEP TALLAHASSEE REGIONAL OPERATIONS CENTER,21FLTLHR_WQX-G2TLHR0016-02/24/25,Sample-Routine,Water,Surface Water,2025-02-24,12:20:00,EST,2025-02-24,12:20:00,EST,.3,m,,,,,,SMP,FDEP TALLAHASSEE REGIONAL OPERATIONS CENTER,21FLTLHR_WQX-G2TLHR0016,,,,,Direct Grab,21FLTLHR_WQX,Direct Grab,Water Bottle,,True color,,29,PCU,,Final,,Actual,,,,,,,,,,,,,110.2,USEPA,Color Analysis Using Platinum/Cobalt,https://www.nemi.gov/methods/method_summary/5208/,E31780,2025-02-25,,Practical Quantitation Limit,6,PCU,,STORET
21FLTLHR_WQX,FDEP TALLAHASSEE REGIONAL OPERATIONS CENTER,21FLTLHR_WQX-G2TLHR0016-02/24/25,Sample-Routine,Water,Surface Water,2025-02-24,12:20:00,EST,2025-02-24,12:20:00,EST,.3,m,,,,,,SMP,FDEP TALLAHASSEE REGIONAL OPERATIONS CENTER,21FLTLHR_WQX-G2TLHR0016,,,,,Direct Grab,21FLTLHR_WQX,Direct Grab,Water Bottle,,Nitrate + Nitrite,Total,0.89,mg/L,,Final,,Actual,,,,,,,,,,,,,353.2,USEPA,Nitrate-Nitrite Nitrogen by Colorimetry,https://www.nemi.gov/methods/method_summary/4702/,E31780,2025-03-03,,Practical Quantitation Limit,.02,mg/L,,STORET
21FLTLHR_WQX,FDEP TALLAHASSEE REGIONAL OPERATIONS CENTER,21FLTLHR_WQX-G2TLHR0016-02/24/25-FP1,Field Msr/Obs,Water,Surface Water,2025-02-24,12:20:00,EST,2025-02-24,12:20:00,EST,.3,m,,,,,,SMP,FDEP TALLAHASSEE REGIONAL OPERATIONS CENTER,21FLTLHR_WQX-G2TLHR0016,,,,,Field Test-Discrete,21FLTLHR_WQX,Field Testing- Discrete,Miscellaneous (Other),,pH,,7.46,None,,Final,,Actual,,,,,,,,,,,,,FDEP FT1100,21FLTLHR_WQX,FDEP FT1100,,,,,,,,,STORET
21FLTLHR_WQX,FDEP TALLAHASSEE REGIONAL OPERATIONS CENTER,21FLTLHR_WQX-G2TLHR0016-02/24/25,Sample-Routine,Water,Surface Water,2025-02-24,12:20:00,EST,2025-02-24,12:20:00,EST,.3,m,,,,,,SMP,FDEP TALLAHASSEE REGIONAL OPERATIONS CENTER,21FLTLHR_WQX-G2TLHR0016,,,,,Direct Grab,21FLTLHR_WQX,Direct Grab,Water Bottle,,Chloride,Total,6.6,mg/L,,Final,,Actual,,,,,,,,,,,,,300.0,USEPA,300.0 ~ EPA; Determination of Inorganic Anions by Ion Chromatography,https://www.nemi.gov/methods/method_summary/4680/,E31780,2025-03-01,,Practical Quantitation Limit,.5,mg/L,,STORET
21FLTLHR_WQX,FDEP TALLAHASSEE REGIONAL OPERATIONS CENTER,21FLTLHR_WQX-G2TLHR0016-02/24/25,Sample-Routine,Water,Surface Water,2025-02-24,12:20:00,EST,2025-02-24,12:20:00,EST,.3,m,,,,,,SMP,FDEP TALLAHASSEE REGIONAL OPERATIONS CENTER,21FLTLHR_WQX-G2TLHR0016,,,,,Direct Grab,21FLTLHR_WQX,Direct Grab,Water Bottle,,Turbidity,,11,NTU,,Final,,Actual,,,,,,,,,,,,,180.1,USEPA,Turbidity by Nephelometry,https://www.nemi.gov/methods/method_summary/5217/,E31780,2025-02-25,,Practical Quantitation Limit,1,NTU,,STORET
21FLTLHR_WQX,FDEP TALLAHASSEE REGIONAL OPERATIONS CENTER,21FLTLHR_WQX-G2TLHR0016-02/24/25,Sample-Routine,Water,Surface Water,2025-02-24,12:20:00,EST,2025-02-24,12:20:00,EST,.3,m,,,,,,SMP,FDEP TALLAHASSEE REGIONAL OPERATIONS CENTER,21FLTLHR_WQX-G2TLHR0016,,,,,Direct Grab,21FLTLHR_WQX,Direct Grab,Water Bottle,,Total suspended solids,Total,7,mg/L,,Final,,Actual,,,,,,**I**,,,,,,,2540-D,APHA,2540 D ~ Total Suspended Solids in Water,https://www.nemi.gov/methods/method_summary/9819/,E31780,2025-02-28,,Practical Quantitation Limit,10,mg/L,,STORET
21FLTLHR_WQX,FDEP TALLAHASSEE REGIONAL OPERATIONS CENTER,21FLTLHR_WQX-G2TLHR0016-02/24/25,Sample-Routine,Water,Surface Water,2025-02-24,12:20:00,EST,2025-02-24,12:20:00,EST,.3,m,,,,,,SMP,FDEP TALLAHASSEE REGIONAL OPERATIONS CENTER,21FLTLHR_WQX-G2TLHR0016,,,,,Direct Grab,21FLTLHR_WQX,Direct Grab,Water Bottle,,Escherichia coli,Total,195.6,MPN/100mL,,Final,,Actual,,,,,,Precision data is unavailable for E. coli due to the small amount of analyte in the QC sample for the batch.,,,,,,,9223-B,APHA,9223 B ~ Enzyme substrate assay for measuring total coliforms and E. coli (ONPG-MUG test or CPRG-MUG test),https://www.nemi.gov/methods/method_summary/5583/,E31780,2025-02-25,,Practical Quantitation Limit,1,MPN/100mL,,STORET
21FLTLHR_WQX,FDEP TALLAHASSEE REGIONAL OPERATIONS CENTER,21FLTLHR_WQX-G2TLHR0016-02/24/25-FP1,Field Msr/Obs,Water,Surface Water,2025-02-24,12:20:00,EST,2025-02-24,12:20:00,EST,.3,m,,,,,,SMP,FDEP TALLAHASSEE REGIONAL OPERATIONS CENTER,21FLTLHR_WQX-G2TLHR0016,,,,,Field Test-Discrete,21FLTLHR_WQX,Field Testing- Discrete,Miscellaneous (Other),,Dissolved oxygen (DO),,10.26,mg/L,,Final,,Actual,,,,,,,,,,,,,FDEP FT1500,21FLTLHR_WQX,FDEP FT1500,,,,,,,,,STORET
21FLTLHR_WQX,FDEP TALLAHASSEE REGIONAL OPERATIONS CENTER,21FLTLHR_WQX-G2TLHR0016-02/24/25,Sample-Routine,Water,Surface Water,2025-02-24,12:20:00,EST,2025-02-24,12:20:00,EST,.3,m,,,,,,SMP,FDEP TALLAHASSEE REGIONAL OPERATIONS CENTER,21FLTLHR_WQX-G2TLHR0016,,,,,Direct Grab,21FLTLHR_WQX,Direct Grab,Water Bottle,,Phosphorus,Total,0.032,mg/L,,Final,,Actual,,,,,,,,,,,,,365.1,USEPA,Phosphorus by Colorimetry,https://www.nemi.gov/methods/method_summary/4823/,E31780,2025-02-27,,Practical Quantitation Limit,.005,mg/L,,STORET
21FLTLHR_WQX,FDEP TALLAHASSEE REGIONAL OPERATIONS CENTER,21FLTLHR_WQX-G2TLHR0016-02/24/25,Sample-Routine,Water,Surface Water,2025-02-24,12:20:00,EST,2025-02-24,12:20:00,EST,.3,m,,,,,,SMP,FDEP TALLAHASSEE REGIONAL OPERATIONS CENTER,21FLTLHR_WQX-G2TLHR0016,,,,,Direct Grab,21FLTLHR_WQX,Direct Grab,Water Bottle,,"Alkalinity, total",Total,79,mg/L,,Final,,Actual,,,,,,,,,,,,,2320-B,APHA,2320 B ~ Alkalinity by Gran Titration,https://www.nemi.gov/methods/method_summary/9694/,E31780,2025-02-26,,Practical Quantitation Limit,2.5,mg/L,,STORET
21FLTLHR_WQX,FDEP TALLAHASSEE REGIONAL OPERATIONS CENTER,21FLTLHR_WQX-G2TLHR0016-02/24/25-FP1,Field Msr/Obs,Water,Surface Water,2025-02-24,12:20:00,EST,2025-02-24,12:20:00,EST,.3,m,,,,,,SMP,FDEP TALLAHASSEE REGIONAL OPERATIONS CENTER,21FLTLHR_WQX-G2TLHR0016,,,,,Field Test-Discrete,21FLTLHR_WQX,Field Testing- Discrete,Miscellaneous (Other),,Salinity,,0.09,ppth,,Final,,Actual,,,,,,,,,,,,,FDEP FT1300,21FLTLHR_WQX,FDEP FT1300,,,,,,,,,STORET
21FLTLHR_WQX,FDEP TALLAHASSEE REGIONAL OPERATIONS CENTER,21FLTLHR_WQX-G2TLHR0016-02/24/25,Sample-Routine,Water,Surface Water,2025-02-24,12:20:00,EST,2025-02-24,12:20:00,EST,.3,m,,,,,,SMP,FDEP TALLAHASSEE REGIONAL OPERATIONS CENTER,21FLTLHR_WQX-G2TLHR0016,,,,,Direct Grab,21FLTLHR_WQX,Direct Grab,Water Bottle,,Total dissolved solids,Total,106,mg/L,,Final,,Actual,,,,,,,,,,,,,2540-C,APHA,2540 C ~ Total Dissolved Solids in Water,https://www.nemi.gov/methods/method_summary/9818/,E31780,2025-02-28,,Practical Quantitation Limit,25,mg/L,,STORET
21FLTLHR_WQX,FDEP TALLAHASSEE REGIONAL OPERATIONS CENTER,21FLTLHR_WQX-G2TLHR0016-02/24/25,Sample-Routine,Water,Surface Water,2025-02-24,12:20:00,EST,2025-02-24,12:20:00,EST,.3,m,,,,,,SMP,FDEP TALLAHASSEE REGIONAL OPERATIONS CENTER,21FLTLHR_WQX-G2TLHR0016,,,,,Direct Grab,21FLTLHR_WQX,Direct Grab,Water Bottle,,"Chlorophyll a, corrected for pheophytin",Total,2.5,ug/L,,Final,,Actual,,,,,,**I**Precision data is not available for at least one component due to the small amount of analyte in the QC sample. Refer to QA report for available precision data.,,,,,,,10200-H,APHA,10200 H ~ Chlorophyll a-b-c Determination,,E31780,2025-02-26,,Practical Quantitation Limit,2.8,ug/L,,STORET
21FLTLHR_WQX,FDEP TALLAHASSEE REGIONAL OPERATIONS CENTER,21FLTLHR_WQX-G2TLHR0016-02/24/25,Sample-Routine,Water,Surface Water,2025-02-24,12:20:00,EST,2025-02-24,12:20:00,EST,.3,m,,,,,,SMP,FDEP TALLAHASSEE REGIONAL OPERATIONS CENTER,21FLTLHR_WQX-G2TLHR0016,,,,,Direct Grab,21FLTLHR_WQX,Direct Grab,Water Bottle,,Organic carbon,Total,4.4,mg/L,,Final,,Actual,,,,,,,,,,,,,5310-B,APHA,5310 B ~ Total Organic Carbon by Combustion-Infrared Method,https://www.nemi.gov/methods/method_summary/5717/,E31780,2025-03-04,,Practical Quantitation Limit,1,mg/L,,STORET
21FLTLHR_WQX,FDEP TALLAHASSEE REGIONAL OPERATIONS CENTER,21FLTLHR_WQX-G2TLHR0016-02/24/25-FP1,Field Msr/Obs,Water,Surface Water,2025-02-24,12:20:00,EST,2025-02-24,12:20:00,EST,.3,m,,,,,,SMP,FDEP TALLAHASSEE REGIONAL OPERATIONS CENTER,21FLTLHR_WQX-G2TLHR0016,,,,,Field Test-Discrete,21FLTLHR_WQX,Field Testing- Discrete,Miscellaneous (Other),,Dissolved oxygen saturation,,96.4,%,,Final,,Actual,,,,,,,,,,,,,FDEP FT1500,21FLTLHR_WQX,FDEP FT1500,,,,,,,,,STORET
21FLTLHR_WQX,FDEP TALLAHASSEE REGIONAL OPERATIONS CENTER,21FLTLHR_WQX-G2TLHR0016-02/24/25,Sample-Routine,Water,Surface Water,2025-02-24,12:20:00,EST,2025-02-24,12:20:00,EST,.3,m,,,,,,SMP,FDEP TALLAHASSEE REGIONAL OPERATIONS CENTER,21FLTLHR_WQX-G2TLHR0016,,,,,Direct Grab,21FLTLHR_WQX,Direct Grab,Water Bottle,,"Chlorophyll a, uncorrected for pheophytin",Total,3.4,ug/L,,Final,,Actual,,,,,,Precision data is not available for at least one component due to the small amount of analyte in the QC sample. Refer to QA report for available precision data.,,,,,,,10200-H,APHA,10200 H ~ Chlorophyll a-b-c Determination,,E31780,2025-02-26,,Practical Quantitation Limit,2,ug/L,,STORET
21FLTLHR_WQX,FDEP TALLAHASSEE REGIONAL OPERATIONS CENTER,21FLTLHR_WQX-G2TLHR0016-02/24/25,Sample-Routine,Water,Surface Water,2025-02-24,12:20:00,EST,2025-02-24,12:20:00,EST,.3,m,,,,,,SMP,FDEP TALLAHASSEE REGIONAL OPERATIONS CENTER,21FLTLHR_WQX-G2TLHR0016,,,,,Direct Grab,21FLTLHR_WQX,Direct Grab,Water Bottle,,Total Kjeldahl nitrogen (Organic N & NH3),Total,0.28,mg/L,,Final,,Actual,,,,,,,,,,,,,351.2,USEPA,351.2 ~ EPA; Total Kjeldahl Nitrogen by Colorimetry,https://www.nemi.gov/methods/method_summary/9626/,E31780,2025-03-03,,Practical Quantitation Limit,.2,mg/L,,STORET
21FLTLHR_WQX,FDEP TALLAHASSEE REGIONAL OPERATIONS CENTER,21FLTLHR_WQX-G2TLHR0016-02/24/25,Sample-Routine,Water,Surface Water,2025-02-24,12:20:00,EST,2025-02-24,12:20:00,EST,.3,m,,,,,,SMP,FDEP TALLAHASSEE REGIONAL OPERATIONS CENTER,21FLTLHR_WQX-G2TLHR0016,,,,,Direct Grab,21FLTLHR_WQX,Direct Grab,Water Bottle,,Ammonia-nitrogen,Total,0.008,mg/L,,Final,,Actual,,,,,,,,,,,,,350.1,USEPA,350.1 ~ EPA; Ammonia Nitrogen by Colorimetry,https://www.nemi.gov/methods/method_summary/5405/,E31780,2025-03-03,,Practical Quantitation Limit,.005,mg/L,,STORET
21FLTLHR_WQX,FDEP TALLAHASSEE REGIONAL OPERATIONS CENTER,21FLTLHR_WQX-G2TLHR0016-02/24/25,Sample-Routine,Water,Surface Water,2025-02-24,12:20:00,EST,2025-02-24,12:20:00,EST,.3,m,,,,,,SMP,FDEP TALLAHASSEE REGIONAL OPERATIONS CENTER,21FLTLHR_WQX-G2TLHR0016,,,,,Direct Grab,21FLTLHR_WQX,Direct Grab,Water Bottle,,Sulfate,Total,1.4,mg/L,,Final,,Actual,,,,,,,,,,,,,300.0,USEPA,300.0 ~ EPA; Determination of Inorganic Anions by Ion Chromatography,https://www.nemi.gov/methods/method_summary/4680/,E31780,2025-03-01,,Practical Quantitation Limit,.5,mg/L,,STORET
21FLTLHR_WQX,FDEP TALLAHASSEE REGIONAL OPERATIONS CENTER,21FLTLHR_WQX-G2TLHR0016-04/03/25-FP1,Field Msr/Obs,Water,Surface Water,2025-04-03,11:35:00,EST,2025-04-03,11:35:00,EST,.3,m,,,,,,SMP,FDEP TALLAHASSEE REGIONAL OPERATIONS CENTER,21FLTLHR_WQX-G2TLHR0016,,,,,Field Test-Discrete,21FLTLHR_WQX,Field Testing- Discrete,Miscellaneous (Other),,Dissolved oxygen saturation,,88.2,%,,Final,,Actual,,,,,,,,,,,,,FDEP FT1500,21FLTLHR_WQX,FDEP FT1500,,,,,,,,,STORET
21FLTLHR_WQX,FDEP TALLAHASSEE REGIONAL OPERATIONS CENTER,21FLTLHR_WQX-G2TLHR0016-05/22/25-FP1,Field Msr/Obs,Water,Surface Water,2025-05-22,11:20:00,EST,2025-05-22,11:20:00,EST,.3,m,,,,,,SMP,FDEP TALLAHASSEE REGIONAL OPERATIONS CENTER,21FLTLHR_WQX-G2TLHR0016,,,,,Field Test-Discrete,21FLTLHR_WQX,Field Testing- Discrete,Miscellaneous (Other),,pH,,6.9,None,,Final,,Actual,,,,,,,,,,,,,FDEP FT1100,21FLTLHR_WQX,FDEP FT1100,,,,,,,,,STORET
21FLTLHR_WQX,FDEP TALLAHASSEE REGIONAL OPERATIONS CENTER,21FLTLHR_WQX-G2TLHR0016-04/03/25,Sample-Routine,Water,Surface Water,2025-04-03,11:35:00,EST,2025-04-03,11:35:00,EST,.3,m,,,,,,SMP,FDEP TALLAHASSEE REGIONAL OPERATIONS CENTER,21FLTLHR_WQX-G2TLHR0016,,,,,Direct Grab,21FLTLHR_WQX,Direct Grab,Water Bottle,,Titanium,Total,1.4,ug/L,,Final,,Actual,,,,,,**I**,,,,,,,200.7,USEPA,Metals in Water by ICP-AES,https://www.nemi.gov/methods/method_summary/4690/,E31780,2025-04-10,,Practical Quantitation Limit,3,ug/L,,STORET
21FLTLHR_WQX,FDEP TALLAHASSEE REGIONAL OPERATIONS CENTER,21FLTLHR_WQX-G2TLHR0016-04/03/25,Sample-Routine,Water,Surface Water,2025-04-03,11:35:00,EST,2025-04-03,11:35:00,EST,.3,m,,,,,,SMP,FDEP TALLAHASSEE REGIONAL OPERATIONS CENTER,21FLTLHR_WQX-G2TLHR0016,,,,,Direct Grab,21FLTLHR_WQX,Direct Grab,Water Bottle,,Phosphorus,Total,0.031,mg/L,,Final,,Actual,,,,,,,,,,,,,365.1,USEPA,Phosphorus by Colorimetry,https://www.nemi.gov/methods/method_summary/4823/,E31780,2025-04-08,,Practical Quantitation Limit,.005,mg/L,,STORET
21FLTLHR_WQX,FDEP TALLAHASSEE REGIONAL OPERATIONS CENTER,21FLTLHR_WQX-G2TLHR0016-04/03/25,Sample-Routine,Water,Surface Water,2025-04-03,11:35:00,EST,2025-04-03,11:35:00,EST,.3,m,,,,,,SMP,FDEP TALLAHASSEE REGIONAL OPERATIONS CENTER,21FLTLHR_WQX-G2TLHR0016,,,,,Direct Grab,21FLTLHR_WQX,Direct Grab,Water Bottle,,Magnesium,Total,2.91,mg/L,,Final,,Actual,,,,,,,,,,,,,200.7,USEPA,Metals in Water by ICP-AES,https://www.nemi.gov/methods/method_summary/4690/,E31780,2025-04-10,,Practical Quantitation Limit,.16,mg/L,,STORET
21FLTLHR_WQX,FDEP TALLAHASSEE REGIONAL OPERATIONS CENTER,21FLTLHR_WQX-G2TLHR0016-04/03/25-FP1,Field Msr/Obs,Water,Surface Water,2025-04-03,11:35:00,EST,2025-04-03,11:35:00,EST,.3,m,,,,,,SMP,FDEP TALLAHASSEE REGIONAL OPERATIONS CENTER,21FLTLHR_WQX-G2TLHR0016,,,,,Field Test-Discrete,21FLTLHR_WQX,Field Testing- Discrete,Miscellaneous (Other),,pH,,7.48,None,,Final,,Actual,,,,,,,,,,,,,FDEP FT1100,21FLTLHR_WQX,FDEP FT1100,,,,,,,,,STORET
21FLTLHR_WQX,FDEP TALLAHASSEE REGIONAL OPERATIONS CENTER,21FLTLHR_WQX-G2TLHR0016-05/22/25,Sample-Routine,Water,Surface Water,2025-05-22,11:20:00,EST,2025-05-22,11:20:00,EST,.3,m,,,,,,SMP,FDEP TALLAHASSEE REGIONAL OPERATIONS CENTER,21FLTLHR_WQX-G2TLHR0016,,,,,Direct Grab,21FLTLHR_WQX,Direct Grab,Water Bottle,,"Chlorophyll a, uncorrected for pheophytin",Total,3.6,ug/L,,Final,,Actual,,,,,,,,,,,,,10200-H,APHA,10200 H ~ Chlorophyll a-b-c Determination,,E31780,2025-06-02,,Practical Quantitation Limit,.92,ug/L,,STORET
21FLTLHR_WQX,FDEP TALLAHASSEE REGIONAL OPERATIONS CENTER,21FLTLHR_WQX-G2TLHR0016-04/03/25,Sample-Routine,Water,Surface Water,2025-04-03,11:35:00,EST,2025-04-03,11:35:00,EST,.3,m,,,,,,SMP,FDEP TALLAHASSEE REGIONAL OPERATIONS CENTER,21FLTLHR_WQX-G2TLHR0016,,,,,Direct Grab,21FLTLHR_WQX,Direct Grab,Water Bottle,,Cobalt,Total,0.107,ug/L,,Final,,Actual,,,,,,Batch matrix spike recoveries for manganese are unavailable for one of two spiked samples because of high analyte concentration in the QC sample.,,,,,,,200.8,USEPA,200.8 ~ EPA; Metals in Waters by ICP/MS,https://www.nemi.gov/methods/method_summary/4665/,E31780,2025-04-08,,Practical Quantitation Limit,.08,ug/L,,STORET
21FLTLHR_WQX,FDEP TALLAHASSEE REGIONAL OPERATIONS CENTER,21FLTLHR_WQX-G2TLHR0016-04/03/25,Sample-Routine,Water,Surface Water,2025-04-03,11:35:00,EST,2025-04-03,11:35:00,EST,.3,m,,,,,,SMP,FDEP TALLAHASSEE REGIONAL OPERATIONS CENTER,21FLTLHR_WQX-G2TLHR0016,,,,,Direct Grab,21FLTLHR_WQX,Direct Grab,Water Bottle,,Pheophytin a,Total,0.87,ug/L,,Final,,Actual,,,,,,**I**Precision data is not available for at least one component due to the small amount of analyte in the QC sample. Refer to QA report for available precision data.,,,,,,,10200-H,APHA,10200 H ~ Chlorophyll a-b-c Determination,,E31780,2025-04-10,,Practical Quantitation Limit,1.9,ug/L,,STORET
21FLTLHR_WQX,FDEP TALLAHASSEE REGIONAL OPERATIONS CENTER,21FLTLHR_WQX-G2TLHR0016-05/22/25,Sample-Routine,Water,Surface Water,2025-05-22,11:20:00,EST,2025-05-22,11:20:00,EST,.3,m,,,,,,SMP,FDEP TALLAHASSEE REGIONAL OPERATIONS CENTER,21FLTLHR_WQX-G2TLHR0016,,,,,Direct Grab,21FLTLHR_WQX,Direct Grab,Water Bottle,,Total suspended solids,Total,7,mg/L,,Final,,Actual,,,,,,**I**Batch relative percent difference is unavailable because of low analyte concentration in the QC sample.,,,,,,,2540-D,APHA,2540 D ~ Total Suspended Solids in Water,https://www.nemi.gov/methods/method_summary/9819/,E31780,2025-05-28,,Practical Quantitation Limit,10,mg/L,,STORET
21FLTLHR_WQX,FDEP TALLAHASSEE REGIONAL OPERATIONS CENTER,21FLTLHR_WQX-G2TLHR0016-04/03/25,Sample-Routine,Water,Surface Water,2025-04-03,11:35:00,EST,2025-04-03,11:35:00,EST,.3,m,,,,,,SMP,FDEP TALLAHASSEE REGIONAL OPERATIONS CENTER,21FLTLHR_WQX-G2TLHR0016,,,,,Direct Grab,21FLTLHR_WQX,Direct Grab,Water Bottle,,Strontium,Total,41,ug/L,,Final,,Actual,,,,,,,,,,,,,200.7,USEPA,Metals in Water by ICP-AES,https://www.nemi.gov/methods/method_summary/4690/,E31780,2025-04-10,,Practical Quantitation Limit,8,ug/L,,STORET
21FLTLHR_WQX,FDEP TALLAHASSEE REGIONAL OPERATIONS CENTER,21FLTLHR_WQX-G2TLHR0016-04/03/25,Sample-Routine,Water,Surface Water,2025-04-03,11:35:00,EST,2025-04-03,11:35:00,EST,.3,m,,,,,,SMP,FDEP TALLAHASSEE REGIONAL OPERATIONS CENTER,21FLTLHR_WQX-G2TLHR0016,,,,,Direct Grab,21FLTLHR_WQX,Direct Grab,Water Bottle,,Total suspended solids,Total,4,mg/L,,Final,,Actual,,,,,,**I**,,,,,,,2540-D,APHA,2540 D ~ Total Suspended Solids in Water,https://www.nemi.gov/methods/method_summary/9819/,E31780,2025-04-08,,Practical Quantitation Limit,10,mg/L,,STORET
21FLTLHR_WQX,FDEP TALLAHASSEE REGIONAL OPERATIONS CENTER,21FLTLHR_WQX-G2TLHR0016-04/03/25,Sample-Routine,Water,Surface Water,2025-04-03,11:35:00,EST,2025-04-03,11:35:00,EST,.3,m,,,,,,SMP,FDEP TALLAHASSEE REGIONAL OPERATIONS CENTER,21FLTLHR_WQX-G2TLHR0016,,,,,Direct Grab,21FLTLHR_WQX,Direct Grab,Water Bottle,,Selenium,Total,0.2,ug/L,,Final,,Actual,,,,,,**U**Batch matrix spike recoveries for manganese are unavailable for one of two spiked samples because of high analyte concentration in the QC sample.,,,,,,,200.8,USEPA,200.8 ~ EPA; Metals in Waters by ICP/MS,https://www.nemi.gov/methods/method_summary/4665/,E31780,2025-04-08,,Practical Quantitation Limit,.8,ug/L,,STORET
21FLTLHR_WQX,FDEP TALLAHASSEE REGIONAL OPERATIONS CENTER,21FLTLHR_WQX-G2TLHR0016-05/22/25,Sample-Routine,Water,Surface Water,2025-05-22,11:20:00,EST,2025-05-22,11:20:00,EST,.3,m,,,,,,SMP,FDEP TALLAHASSEE REGIONAL OPERATIONS CENTER,21FLTLHR_WQX-G2TLHR0016,,,,,Direct Grab,21FLTLHR_WQX,Direct Grab,Water Bottle,,Cadmium,Total,0.034,ug/L,,Final,,Actual,,,,,,**I**Batch matrix spike recoveries for aluminum and manganese are unavailable for one of two spiked samples because of high analyte concentration in the QC sample.,,,,,,,200.8,USEPA,200.8 ~ EPA; Metals in Waters by ICP/MS,https://www.nemi.gov/methods/method_summary/4665/,E31780,2025-06-02,,Practical Quantitation Limit,.08,ug/L,,STORET
21FLTLHR_WQX,FDEP TALLAHASSEE REGIONAL OPERATIONS CENTER,21FLTLHR_WQX-G2TLHR0016-04/03/25,Sample-Routine,Water,Surface Water,2025-04-03,11:35:00,EST,2025-04-03,11:35:00,EST,.3,m,,,,,,SMP,FDEP TALLAHASSEE REGIONAL OPERATIONS CENTER,21FLTLHR_WQX-G2TLHR0016,,,,,Direct Grab,21FLTLHR_WQX,Direct Grab,Water Bottle,,"Chlorophyll a, uncorrected for pheophytin",Total,2,ug/L,,Final,,Actual,,,,,,Precision data is not available for at least one component due to the small amount of analyte in the QC sample. Refer to QA report for available precision data.,,,,,,,10200-H,APHA,10200 H ~ Chlorophyll a-b-c Determination,,E31780,2025-04-10,,Practical Quantitation Limit,.92,ug/L,,STORET
21FLTLHR_WQX,FDEP TALLAHASSEE REGIONAL OPERATIONS CENTER,21FLTLHR_WQX-G2TLHR0016-04/03/25,Sample-Routine,Water,Surface Water,2025-04-03,11:35:00,EST,2025-04-03,11:35:00,EST,.3,m,,,,,,SMP,FDEP TALLAHASSEE REGIONAL OPERATIONS CENTER,21FLTLHR_WQX-G2TLHR0016,,,,,Direct Grab,21FLTLHR_WQX,Direct Grab,Water Bottle,,Iron,Total,380,ug/L,,Final,,Actual,,,,,,,,,,,,,200.7,USEPA,Metals in Water by ICP-AES,https://www.nemi.gov/methods/method_summary/4690/,E31780,2025-04-10,,Practical Quantitation Limit,120,ug/L,,STORET
21FLTLHR_WQX,FDEP TALLAHASSEE REGIONAL OPERATIONS CENTER,21FLTLHR_WQX-G2TLHR0016-05/22/25-FP1,Field Msr/Obs,Water,Surface Water,2025-05-22,11:20:00,EST,2025-05-22,11:20:00,EST,.3,m,,,,,,SMP,FDEP TALLAHASSEE REGIONAL OPERATIONS CENTER,21FLTLHR_WQX-G2TLHR0016,,,,,Field Test-Discrete,21FLTLHR_WQX,Field Testing- Discrete,Miscellaneous (Other),,"Depth, Secchi disk depth",,0.4,m,,Final,,Actual,,,,,,,,,,,,,FDEP FT1700,21FLTLHR_WQX,FDEP FT1700,,,,,,,,,STORET
21FLTLHR_WQX,FDEP TALLAHASSEE REGIONAL OPERATIONS CENTER,21FLTLHR_WQX-G2TLHR0016-05/22/25,Sample-Routine,Water,Surface Water,2025-05-22,11:20:00,EST,2025-05-22,11:20:00,EST,.3,m,,,,,,SMP,FDEP TALLAHASSEE REGIONAL OPERATIONS CENTER,21FLTLHR_WQX-G2TLHR0016,,,,,Direct Grab,21FLTLHR_WQX,Direct Grab,Water Bottle,,Sodium,Total,2.5,mg/L,,Final,,Actual,,,,,,,,,,,,,200.7,USEPA,Metals in Water by ICP-AES,https://www.nemi.gov/methods/method_summary/4690/,E31780,2025-06-05,,Practical Quantitation Limit,2,mg/L,,STORET
21FLTLHR_WQX,FDEP TALLAHASSEE REGIONAL OPERATIONS CENTER,21FLTLHR_WQX-G2TLHR0016-04/03/25,Sample-Routine,Water,Surface Water,2025-04-03,11:35:00,EST,2025-04-03,11:35:00,EST,.3,m,,,,,,SMP,FDEP TALLAHASSEE REGIONAL OPERATIONS CENTER,21FLTLHR_WQX-G2TLHR0016,,,,,Direct Grab,21FLTLHR_WQX,Direct Grab,Water Bottle,,True color,,19,PCU,,Final,,Actual,,,,,,,,,,,,,110.2,USEPA,Color Analysis Using Platinum/Cobalt,https://www.nemi.gov/methods/method_summary/5208/,E31780,2025-04-04,,Practical Quantitation Limit,6,PCU,,STORET
21FLTLHR_WQX,FDEP TALLAHASSEE REGIONAL OPERATIONS CENTER,21FLTLHR_WQX-G2TLHR0016-05/22/25,Sample-Routine,Water,Surface Water,2025-05-22,11:20:00,EST,2025-05-22,11:20:00,EST,.3,m,,,,,,SMP,FDEP TALLAHASSEE REGIONAL OPERATIONS CENTER,21FLTLHR_WQX-G2TLHR0016,,,,,Direct Grab,21FLTLHR_WQX,Direct Grab,Water Bottle,,Pheophytin a,Total,1.4,ug/L,,Final,,Actual,,,,,,**I**,,,,,,,10200-H,APHA,10200 H ~ Chlorophyll a-b-c Determination,,E31780,2025-06-02,,Practical Quantitation Limit,1.9,ug/L,,STORET
21FLTLHR_WQX,FDEP TALLAHASSEE REGIONAL OPERATIONS CENTER,21FLTLHR_WQX-G2TLHR0016-05/22/25,Sample-Routine,Water,Surface Water,2025-05-22,11:20:00,EST,2025-05-22,11:20:00,EST,.3,m,,,,,,SMP,FDEP TALLAHASSEE REGIONAL OPERATIONS CENTER,21FLTLHR_WQX-G2TLHR0016,,,,,Direct Grab,21FLTLHR_WQX,Direct Grab,Water Bottle,,Titanium,Total,2.3,ug/L,,Final,,Actual,,,,,,**I**,,,,,,,200.7,USEPA,Metals in Water by ICP-AES,https://www.nemi.gov/methods/method_summary/4690/,E31780,2025-06-05,,Practical Quantitation Limit,3,ug/L,,STORET
21FLTLHR_WQX,FDEP TALLAHASSEE REGIONAL OPERATIONS CENTER,21FLTLHR_WQX-G2TLHR0016-04/03/25,Sample-Routine,Water,Surface Water,2025-04-03,11:35:00,EST,2025-04-03,11:35:00,EST,.3,m,,,,,,SMP,FDEP TALLAHASSEE REGIONAL OPERATIONS CENTER,21FLTLHR_WQX-G2TLHR0016,,,,,Direct Grab,21FLTLHR_WQX,Direct Grab,Water Bottle,,Total hardness,Total,130,mg/L,,Final,,Actual,,,,,,,,,,,,,2340B,APHA,2340 B ~ Hardness by Calculation,https://www.nemi.gov/methods/method_summary/4679/,E31780,2025-04-10,,Practical Quantitation Limit,1.4,mg/L,,STORET
21FLTLHR_WQX,FDEP TALLAHASSEE REGIONAL OPERATIONS CENTER,21FLTLHR_WQX-G2TLHR0016-05/22/25,Sample-Routine,Water,Surface Water,2025-05-22,11:20:00,EST,2025-05-22,11:20:00,EST,.3,m,,,,,,SMP,FDEP TALLAHASSEE REGIONAL OPERATIONS CENTER,21FLTLHR_WQX-G2TLHR0016,,,,,Direct Grab,21FLTLHR_WQX,Direct Grab,Water Bottle,,Calcium,Total,47.7,mg/L,,Final,,Actual,,,,,,,,,,,,,200.7,USEPA,Metals in Water by ICP-AES,https://www.nemi.gov/methods/method_summary/4690/,E31780,2025-06-05,,Practical Quantitation Limit,.3,mg/L,,STORET
21FLTLHR_WQX,FDEP TALLAHASSEE REGIONAL OPERATIONS CENTER,21FLTLHR_WQX-G2TLHR0016-05/22/25,Sample-Routine,Water,Surface Water,2025-05-22,11:20:00,EST,2025-05-22,11:20:00,EST,.3,m,,,,,,SMP,FDEP TALLAHASSEE REGIONAL OPERATIONS CENTER,21FLTLHR_WQX-G2TLHR0016,,,,,Direct Grab,21FLTLHR_WQX,Direct Grab,Water Bottle,,Total dissolved solids,Total,142,mg/L,,Final,,Actual,,,,,,,,,,,,,2540-C,APHA,2540 C ~ Total Dissolved Solids in Water,https://www.nemi.gov/methods/method_summary/9818/,E31780,2025-05-28,,Practical Quantitation Limit,25,mg/L,,STORET
21FLTLHR_WQX,FDEP TALLAHASSEE REGIONAL OPERATIONS CENTER,21FLTLHR_WQX-G2TLHR0016-04/03/25,Sample-Routine,Water,Surface Water,2025-04-03,11:35:00,EST,2025-04-03,11:35:00,EST,.3,m,,,,,,SMP,FDEP TALLAHASSEE REGIONAL OPERATIONS CENTER,21FLTLHR_WQX-G2TLHR0016,,,,,Direct Grab,21FLTLHR_WQX,Direct Grab,Water Bottle,,Silver,Total,0.01,ug/L,,Final,,Actual,,,,,,**U**Batch matrix spike recoveries for manganese are unavailable for one of two spiked samples because of high analyte concentration in the QC sample.,,,,,,,200.8,USEPA,200.8 ~ EPA; Metals in Waters by ICP/MS,https://www.nemi.gov/methods/method_summary/4665/,E31780,2025-04-08,,Practical Quantitation Limit,.04,ug/L,,STORET
21FLTLHR_WQX,FDEP TALLAHASSEE REGIONAL OPERATIONS CENTER,21FLTLHR_WQX-G2TLHR0016-04/03/25,Sample-Routine,Water,Surface Water,2025-04-03,11:35:00,EST,2025-04-03,11:35:00,EST,.3,m,,,,,,SMP,FDEP TALLAHASSEE REGIONAL OPERATIONS CENTER,21FLTLHR_WQX-G2TLHR0016,,,,,Direct Grab,21FLTLHR_WQX,Direct Grab,Water Bottle,,Lead,Total,0.22,ug/L,,Final,,Actual,,,,,,**I**Batch matrix spike recoveries for manganese are unavailable for one of two spiked samples because of high analyte concentration in the QC sample.,,,,,,,200.8,USEPA,200.8 ~ EPA; Metals in Waters by ICP/MS,https://www.nemi.gov/methods/method_summary/4665/,E31780,2025-04-08,,Practical Quantitation Limit,.4,ug/L,,STORET
21FLTLHR_WQX,FDEP TALLAHASSEE REGIONAL OPERATIONS CENTER,21FLTLHR_WQX-G2TLHR0016-05/22/25,Sample-Routine,Water,Surface Water,2025-05-22,11:20:00,EST,2025-05-22,11:20:00,EST,.3,m,,,,,,SMP,FDEP TALLAHASSEE REGIONAL OPERATIONS CENTER,21FLTLHR_WQX-G2TLHR0016,,,,,Direct Grab,21FLTLHR_WQX,Direct Grab,Water Bottle,,Arsenic,Total,0.54,ug/L,,Final,,Actual,,,,,,Batch matrix spike recoveries for aluminum and manganese are unavailable for one of two spiked samples because of high analyte concentration in the QC sample.,,,,,,,200.8,USEPA,200.8 ~ EPA; Metals in Waters by ICP/MS,https://www.nemi.gov/methods/method_summary/4665/,E31780,2025-06-02,,Practical Quantitation Limit,.2,ug/L,,STORET
21FLTLHR_WQX,FDEP TALLAHASSEE REGIONAL OPERATIONS CENTER,21FLTLHR_WQX-G2TLHR0016-05/22/25,Sample-Routine,Water,Surface Water,2025-05-22,11:20:00,EST,2025-05-22,11:20:00,EST,.3,m,,,,,,SMP,FDEP TALLAHASSEE REGIONAL OPERATIONS CENTER,21FLTLHR_WQX-G2TLHR0016,,,,,Direct Grab,21FLTLHR_WQX,Direct Grab,Water Bottle,,Chromium,Total,1.6,ug/L,,Final,,Actual,,,,,,**I**Batch matrix spike recoveries for aluminum and manganese are unavailable for one of two spiked samples because of high analyte concentration in the QC sample.,,,,,,,200.8,USEPA,200.8 ~ EPA; Metals in Waters by ICP/MS,https://www.nemi.gov/methods/method_summary/4665/,E31780,2025-06-02,,Practical Quantitation Limit,1.6,ug/L,,STORET
21FLTLHR_WQX,FDEP TALLAHASSEE REGIONAL OPERATIONS CENTER,21FLTLHR_WQX-G2TLHR0016-04/03/25,Sample-Routine,Water,Surface Water,2025-04-03,11:35:00,EST,2025-04-03,11:35:00,EST,.3,m,,,,,,SMP,FDEP TALLAHASSEE REGIONAL OPERATIONS CENTER,21FLTLHR_WQX-G2TLHR0016,,,,,Direct Grab,21FLTLHR_WQX,Direct Grab,Water Bottle,,Potassium,Total,0.86,mg/L,,Final,,Actual,,,,,,**I**,,,,,,,200.7,USEPA,Metals in Water by ICP-AES,https://www.nemi.gov/methods/method_summary/4690/,E31780,2025-04-10,,Practical Quantitation Limit,1.2,mg/L,,STORET
21FLTLHR_WQX,FDEP TALLAHASSEE REGIONAL OPERATIONS CENTER,21FLTLHR_WQX-G2TLHR0016-05/22/25-FP1,Field Msr/Obs,Water,Surface Water,2025-05-22,11:20:00,EST,2025-05-22,11:20:00,EST,.3,m,,,,,,SMP,FDEP TALLAHASSEE REGIONAL OPERATIONS CENTER,21FLTLHR_WQX-G2TLHR0016,,,,,Field Test-Discrete,21FLTLHR_WQX,Field Testing- Discrete,Miscellaneous (Other),,Dissolved oxygen saturation,,87.4,%,,Final,,Actual,,,,,,,,,,,,,FDEP FT1500,21FLTLHR_WQX,FDEP FT1500,,,,,,,,,STORET
21FLTLHR_WQX,FDEP TALLAHASSEE REGIONAL OPERATIONS CENTER,21FLTLHR_WQX-G2TLHR0016-05/22/25,Sample-Routine,Water,Surface Water,2025-05-22,11:20:00,EST,2025-05-22,11:20:00,EST,.3,m,,,,,,SMP,FDEP TALLAHASSEE REGIONAL OPERATIONS CENTER,21FLTLHR_WQX-G2TLHR0016,,,,,Direct Grab,21FLTLHR_WQX,Direct Grab,Water Bottle,,Total Kjeldahl nitrogen (Organic N & NH3),Total,0.61,mg/L,,Final,,Actual,,,,,,,,,,,,,351.2,USEPA,351.2 ~ EPA; Total Kjeldahl Nitrogen by Colorimetry,https://www.nemi.gov/methods/method_summary/9626/,E31780,2025-06-02,,Practical Quantitation Limit,.2,mg/L,,STORET
21FLTLHR_WQX,FDEP TALLAHASSEE REGIONAL OPERATIONS CENTER,21FLTLHR_WQX-G2TLHR0016-05/22/25,Sample-Routine,Water,Surface Water,2025-05-22,11:20:00,EST,2025-05-22,11:20:00,EST,.3,m,,,,,,SMP,FDEP TALLAHASSEE REGIONAL OPERATIONS CENTER,21FLTLHR_WQX-G2TLHR0016,,,,,Direct Grab,21FLTLHR_WQX,Direct Grab,Water Bottle,,Ammonia-nitrogen,Total,0.047,mg/L,,Final,,Actual,,,,,,,,,,,,,350.1,USEPA,350.1 ~ EPA; Ammonia Nitrogen by Colorimetry,https://www.nemi.gov/methods/method_summary/5405/,E31780,2025-06-04,,Practical Quantitation Limit,.005,mg/L,,STORET
21FLTLHR_WQX,FDEP TALLAHASSEE REGIONAL OPERATIONS CENTER,21FLTLHR_WQX-G2TLHR0016-05/22/25,Sample-Routine,Water,Surface Water,2025-05-22,11:20:00,EST,2025-05-22,11:20:00,EST,.3,m,,,,,,SMP,FDEP TALLAHASSEE REGIONAL OPERATIONS CENTER,21FLTLHR_WQX-G2TLHR0016,,,,,Direct Grab,21FLTLHR_WQX,Direct Grab,Water Bottle,,Cobalt,Total,0.196,ug/L,,Final,,Actual,,,,,,Batch matrix spike recoveries for aluminum and manganese are unavailable for one of two spiked samples because of high analyte concentration in the QC sample.,,,,,,,200.8,USEPA,200.8 ~ EPA; Metals in Waters by ICP/MS,https://www.nemi.gov/methods/method_summary/4665/,E31780,2025-06-02,,Practical Quantitation Limit,.08,ug/L,,STORET
21FLTLHR_WQX,FDEP TALLAHASSEE REGIONAL OPERATIONS CENTER,21FLTLHR_WQX-G2TLHR0016-05/22/25,Sample-Routine,Water,Surface Water,2025-05-22,11:20:00,EST,2025-05-22,11:20:00,EST,.3,m,,,,,,SMP,FDEP TALLAHASSEE REGIONAL OPERATIONS CENTER,21FLTLHR_WQX-G2TLHR0016,,,,,Direct Grab,21FLTLHR_WQX,Direct Grab,Water Bottle,,"Chlorophyll a, corrected for pheophytin",Total,2.6,ug/L,,Final,,Actual,,,,,,,,,,,,,10200-H,APHA,10200 H ~ Chlorophyll a-b-c Determination,,E31780,2025-06-02,,Practical Quantitation Limit,1.5,ug/L,,STORET
21FLTLHR_WQX,FDEP TALLAHASSEE REGIONAL OPERATIONS CENTER,21FLTLHR_WQX-G2TLHR0016-04/03/25,Sample-Routine,Water,Surface Water,2025-04-03,11:35:00,EST,2025-04-03,11:35:00,EST,.3,m,,,,,,SMP,FDEP TALLAHASSEE REGIONAL OPERATIONS CENTER,21FLTLHR_WQX-G2TLHR0016,,,,,Direct Grab,21FLTLHR_WQX,Direct Grab,Water Bottle,,Sodium,Total,2.8,mg/L,,Final,,Actual,,,,,,,,,,,,,200.7,USEPA,Metals in Water by ICP-AES,https://www.nemi.gov/methods/method_summary/4690/,E31780,2025-04-10,,Practical Quantitation Limit,2,mg/L,,STORET
21FLTLHR_WQX,FDEP TALLAHASSEE REGIONAL OPERATIONS CENTER,21FLTLHR_WQX-G2TLHR0016-04/03/25-FP1,Field Msr/Obs,Water,Surface Water,2025-04-03,11:35:00,EST,2025-04-03,11:35:00,EST,.3,m,,,,,,SMP,FDEP TALLAHASSEE REGIONAL OPERATIONS CENTER,21FLTLHR_WQX-G2TLHR0016,,,,,Field Test-Discrete,21FLTLHR_WQX,Field Testing- Discrete,Miscellaneous (Other),,Salinity,,0.11,ppth,,Final,,Actual,,,,,,,,,,,,,FDEP FT1300,21FLTLHR_WQX,FDEP FT1300,,,,,,,,,STORET
21FLTLHR_WQX,FDEP TALLAHASSEE REGIONAL OPERATIONS CENTER,21FLTLHR_WQX-G2TLHR0016-04/03/25,Sample-Routine,Water,Surface Water,2025-04-03,11:35:00,EST,2025-04-03,11:35:00,EST,.3,m,,,,,,SMP,FDEP TALLAHASSEE REGIONAL OPERATIONS CENTER,21FLTLHR_WQX-G2TLHR0016,,,,,Direct Grab,21FLTLHR_WQX,Direct Grab,Water Bottle,,Boron,Total,11.7,ug/L,,Final,,Actual,,,,,,Batch matrix spike recoveries for manganese are unavailable for one of two spiked samples because of high analyte concentration in the QC sample.,,,,,,,200.8,USEPA,200.8 ~ EPA; Metals in Waters by ICP/MS,https://www.nemi.gov/methods/method_summary/4665/,E31780,2025-04-08,,Practical Quantitation Limit,8,ug/L,,STORET
21FLTLHR_WQX,FDEP TALLAHASSEE REGIONAL OPERATIONS CENTER,21FLTLHR_WQX-G2TLHR0016-05/22/25,Sample-Routine,Water,Surface Water,2025-05-22,11:20:00,EST,2025-05-22,11:20:00,EST,.3,m,,,,,,SMP,FDEP TALLAHASSEE REGIONAL OPERATIONS CENTER,21FLTLHR_WQX-G2TLHR0016,,,,,Direct Grab,21FLTLHR_WQX,Direct Grab,Water Bottle,,Copper,Total,0.4,ug/L,,Final,,Actual,,,,,,**U**Batch matrix spike recoveries for aluminum and manganese are unavailable for one of two spiked samples because of high analyte concentration in the QC sample.,,,,,,,200.8,USEPA,200.8 ~ EPA; Metals in Waters by ICP/MS,https://www.nemi.gov/methods/method_summary/4665/,E31780,2025-06-02,,Practical Quantitation Limit,.8,ug/L,,STORET
21FLTLHR_WQX,FDEP TALLAHASSEE REGIONAL OPERATIONS CENTER,21FLTLHR_WQX-G2TLHR0016-04/03/25,Sample-Routine,Water,Surface Water,2025-04-03,11:35:00,EST,2025-04-03,11:35:00,EST,.3,m,,,,,,SMP,FDEP TALLAHASSEE REGIONAL OPERATIONS CENTER,21FLTLHR_WQX-G2TLHR0016,,,,,Direct Grab,21FLTLHR_WQX,Direct Grab,Water Bottle,,Sulfate,Total,1.2,mg/L,,Final,,Calculated,,,,,,**A**,,,,,,,300.0,USEPA,300.0 ~ EPA; Determination of Inorganic Anions by Ion Chromatography,https://www.nemi.gov/methods/method_summary/4680/,E31780,2025-04-09,,Practical Quantitation Limit,.5,mg/L,,STORET
21FLTLHR_WQX,FDEP TALLAHASSEE REGIONAL OPERATIONS CENTER,21FLTLHR_WQX-G2TLHR0016-04/03/25,Sample-Routine,Water,Surface Water,2025-04-03,11:35:00,EST,2025-04-03,11:35:00,EST,.3,m,,,,,,SMP,FDEP TALLAHASSEE REGIONAL OPERATIONS CENTER,21FLTLHR_WQX-G2TLHR0016,,,,,Direct Grab,21FLTLHR_WQX,Direct Grab,Water Bottle,,Fluoride,Total,0.047,mg/L,,Final,,Actual,,,,,,**I**Batch matrix spike recoveries are unavailable because of high analyte concentration in the QC sample.,,,,,,,4500-F-C,APHA,4500 F C ~ Fluoride in Water Using an ISE,https://www.nemi.gov/methods/method_summary/5709/,E31780,2025-04-09,,Practical Quantitation Limit,.1,mg/L,,STORET
21FLTLHR_WQX,FDEP TALLAHASSEE REGIONAL OPERATIONS CENTER,21FLTLHR_WQX-G2TLHR0016-05/22/25,Sample-Routine,Water,Surface Water,2025-05-22,11:20:00,EST,2025-05-22,11:20:00,EST,.3,m,,,,,,SMP,FDEP TALLAHASSEE REGIONAL OPERATIONS CENTER,21FLTLHR_WQX-G2TLHR0016,,,,,Direct Grab,21FLTLHR_WQX,Direct Grab,Water Bottle,,Antimony,Total,0.05,ug/L,,Final,,Actual,,,,,,**U**Batch matrix spike recoveries for aluminum and manganese are unavailable for one of two spiked samples because of high analyte concentration in the QC sample.,,,,,,,200.8,USEPA,200.8 ~ EPA; Metals in Waters by ICP/MS,https://www.nemi.gov/methods/method_summary/4665/,E31780,2025-06-02,,Practical Quantitation Limit,.2,ug/L,,STORET
21FLTLHR_WQX,FDEP TALLAHASSEE REGIONAL OPERATIONS CENTER,21FLTLHR_WQX-G2TLHR0016-04/03/25,Sample-Routine,Water,Surface Water,2025-04-03,11:35:00,EST,2025-04-03,11:35:00,EST,.3,m,,,,,,SMP,FDEP TALLAHASSEE REGIONAL OPERATIONS CENTER,21FLTLHR_WQX-G2TLHR0016,,,,,Direct Grab,21FLTLHR_WQX,Direct Grab,Water Bottle,,"Chlorophyll a, corrected for pheophytin",Total,1.4,ug/L,,Final,,Actual,,,,,,**I**Precision data is not available for at least one component due to the small amount of analyte in the QC sample. Refer to QA report for available precision data.,,,,,,,10200-H,APHA,10200 H ~ Chlorophyll a-b-c Determination,,E31780,2025-04-10,,Practical Quantitation Limit,1.5,ug/L,,STORET
21FLTLHR_WQX,FDEP TALLAHASSEE REGIONAL OPERATIONS CENTER,21FLTLHR_WQX-G2TLHR0016-05/22/25,Sample-Routine,Water,Surface Water,2025-05-22,11:20:00,EST,2025-05-22,11:20:00,EST,.3,m,,,,,,SMP,FDEP TALLAHASSEE REGIONAL OPERATIONS CENTER,21FLTLHR_WQX-G2TLHR0016,,,,,Direct Grab,21FLTLHR_WQX,Direct Grab,Water Bottle,,Lead,Total,0.42,ug/L,,Final,,Actual,,,,,,Batch matrix spike recoveries for aluminum and manganese are unavailable for one of two spiked samples because of high analyte concentration in the QC sample.,,,,,,,200.8,USEPA,200.8 ~ EPA; Metals in Waters by ICP/MS,https://www.nemi.gov/methods/method_summary/4665/,E31780,2025-06-02,,Practical Quantitation Limit,.4,ug/L,,STORET
21FLTLHR_WQX,FDEP TALLAHASSEE REGIONAL OPERATIONS CENTER,21FLTLHR_WQX-G2TLHR0016-04/03/25,Sample-Routine,Water,Surface Water,2025-04-03,11:35:00,EST,2025-04-03,11:35:00,EST,.3,m,,,,,,SMP,FDEP TALLAHASSEE REGIONAL OPERATIONS CENTER,21FLTLHR_WQX-G2TLHR0016,,,,,Direct Grab,21FLTLHR_WQX,Direct Grab,Water Bottle,,Organic carbon,Total,3.3,mg/L,,Final,,Actual,,,,,,,,,,,,,5310-B,APHA,5310 B ~ Total Organic Carbon by Combustion-Infrared Method,https://www.nemi.gov/methods/method_summary/5717/,E31780,2025-04-16,,Practical Quantitation Limit,1,mg/L,,STORET
21FLTLHR_WQX,FDEP TALLAHASSEE REGIONAL OPERATIONS CENTER,21FLTLHR_WQX-G2TLHR0016-04/03/25,Sample-Routine,Water,Surface Water,2025-04-03,11:35:00,EST,2025-04-03,11:35:00,EST,.3,m,,,,,,SMP,FDEP TALLAHASSEE REGIONAL OPERATIONS CENTER,21FLTLHR_WQX-G2TLHR0016,,,,,Direct Grab,21FLTLHR_WQX,Direct Grab,Water Bottle,,Ammonia-nitrogen,Total,0.045,mg/L,,Final,,Actual,,,,,,Batch matrix spike recoveries are unavailable because of high analyte concentration in the QC sample.,,,,,,,350.1,USEPA,350.1 ~ EPA; Ammonia Nitrogen by Colorimetry,https://www.nemi.gov/methods/method_summary/5405/,E31780,2025-04-10,,Practical Quantitation Limit,.005,mg/L,,STORET
21FLTLHR_WQX,FDEP TALLAHASSEE REGIONAL OPERATIONS CENTER,21FLTLHR_WQX-G2TLHR0016-05/22/25,Sample-Routine,Water,Surface Water,2025-05-22,11:20:00,EST,2025-05-22,11:20:00,EST,.3,m,,,,,,SMP,FDEP TALLAHASSEE REGIONAL OPERATIONS CENTER,21FLTLHR_WQX-G2TLHR0016,,,,,Direct Grab,21FLTLHR_WQX,Direct Grab,Water Bottle,,Turbidity,,5.5,NTU,,Final,,Actual,,,,,,,,,,,,,180.1,USEPA,Turbidity by Nephelometry,https://www.nemi.gov/methods/method_summary/5217/,E31780,2025-05-23,,Practical Quantitation Limit,1,NTU,,STORET
21FLTLHR_WQX,FDEP TALLAHASSEE REGIONAL OPERATIONS CENTER,21FLTLHR_WQX-G2TLHR0016-04/03/25,Sample-Routine,Water,Surface Water,2025-04-03,11:35:00,EST,2025-04-03,11:35:00,EST,.3,m,,,,,,SMP,FDEP TALLAHASSEE REGIONAL OPERATIONS CENTER,21FLTLHR_WQX-G2TLHR0016,,,,,Direct Grab,21FLTLHR_WQX,Direct Grab,Water Bottle,,Copper,Total,0.4,ug/L,,Final,,Actual,,,,,,**U**Batch matrix spike recoveries for manganese are unavailable for one of two spiked samples because of high analyte concentration in the QC sample.,,,,,,,200.8,USEPA,200.8 ~ EPA; Metals in Waters by ICP/MS,https://www.nemi.gov/methods/method_summary/4665/,E31780,2025-04-08,,Practical Quantitation Limit,.8,ug/L,,STORET
21FLTLHR_WQX,FDEP TALLAHASSEE REGIONAL OPERATIONS CENTER,21FLTLHR_WQX-G2TLHR0016-05/22/25,Sample-Routine,Water,Surface Water,2025-05-22,11:20:00,EST,2025-05-22,11:20:00,EST,.3,m,,,,,,SMP,FDEP TALLAHASSEE REGIONAL OPERATIONS CENTER,21FLTLHR_WQX-G2TLHR0016,,,,,Direct Grab,21FLTLHR_WQX,Direct Grab,Water Bottle,,Nickel,Total,0.5,ug/L,,Final,,Actual,,,,,,**U**Batch matrix spike recoveries for aluminum and manganese are unavailable for one of two spiked samples because of high analyte concentration in the QC sample.,,,,,,,200.8,USEPA,200.8 ~ EPA; Metals in Waters by ICP/MS,https://www.nemi.gov/methods/method_summary/4665/,E31780,2025-06-02,,Practical Quantitation Limit,2,ug/L,,STORET
21FLTLHR_WQX,FDEP TALLAHASSEE REGIONAL OPERATIONS CENTER,21FLTLHR_WQX-G2TLHR0016-05/22/25,Sample-Routine,Water,Surface Water,2025-05-22,11:20:00,EST,2025-05-22,11:20:00,EST,.3,m,,,,,,SMP,FDEP TALLAHASSEE REGIONAL OPERATIONS CENTER,21FLTLHR_WQX-G2TLHR0016,,,,,Direct Grab,21FLTLHR_WQX,Direct Grab,Water Bottle,,Beryllium,Total,0.045,ug/L,,Final,,Actual,,,,,,Batch matrix spike recoveries for aluminum and manganese are unavailable for one of two spiked samples because of high analyte concentration in the QC sample.,,,,,,,200.8,USEPA,200.8 ~ EPA; Metals in Waters by ICP/MS,https://www.nemi.gov/methods/method_summary/4665/,E31780,2025-06-02,,Practical Quantitation Limit,.04,ug/L,,STORET
21FLTLHR_WQX,FDEP TALLAHASSEE REGIONAL OPERATIONS CENTER,21FLTLHR_WQX-G2TLHR0016-04/03/25-FP1,Field Msr/Obs,Water,Surface Water,2025-04-03,11:35:00,EST,2025-04-03,11:35:00,EST,.3,m,,,,,,SMP,FDEP TALLAHASSEE REGIONAL OPERATIONS CENTER,21FLTLHR_WQX-G2TLHR0016,,,,,Field Test-Discrete,21FLTLHR_WQX,Field Testing- Discrete,Miscellaneous (Other),,"Temperature, water",,22.9,deg C,,Final,,Actual,,,,,,,,,,,,,FDEP FT1400,21FLTLHR_WQX,FDEP FT1400,,,,,,,,,STORET
21FLTLHR_WQX,FDEP TALLAHASSEE REGIONAL OPERATIONS CENTER,21FLTLHR_WQX-G2TLHR0016-04/03/25,Sample-Routine,Water,Surface Water,2025-04-03,11:35:00,EST,2025-04-03,11:35:00,EST,.3,m,,,,,,SMP,FDEP TALLAHASSEE REGIONAL OPERATIONS CENTER,21FLTLHR_WQX-G2TLHR0016,,,,,Direct Grab,21FLTLHR_WQX,Direct Grab,Water Bottle,,Aluminum,Total,97,ug/L,,Final,,Actual,,,,,,Batch matrix spike recoveries for manganese are unavailable for one of two spiked samples because of high analyte concentration in the QC sample.,,,,,,,200.8,USEPA,200.8 ~ EPA; Metals in Waters by ICP/MS,https://www.nemi.gov/methods/method_summary/4665/,E31780,2025-04-08,,Practical Quantitation Limit,20,ug/L,,STORET
21FLTLHR_WQX,FDEP TALLAHASSEE REGIONAL OPERATIONS CENTER,21FLTLHR_WQX-G2TLHR0016-05/22/25,Sample-Routine,Water,Surface Water,2025-05-22,11:20:00,EST,2025-05-22,11:20:00,EST,.3,m,,,,,,SMP,FDEP TALLAHASSEE REGIONAL OPERATIONS CENTER,21FLTLHR_WQX-G2TLHR0016,,,,,Direct Grab,21FLTLHR_WQX,Direct Grab,Water Bottle,,Manganese,Total,60.6,ug/L,,Final,,Actual,,,,,,Batch matrix spike recoveries for aluminum and manganese are unavailable for one of two spiked samples because of high analyte concentration in the QC sample.,,,,,,,200.8,USEPA,200.8 ~ EPA; Metals in Waters by ICP/MS,https://www.nemi.gov/methods/method_summary/4665/,E31780,2025-06-02,,Practical Quantitation Limit,.4,ug/L,,STORET
21FLTLHR_WQX,FDEP TALLAHASSEE REGIONAL OPERATIONS CENTER,21FLTLHR_WQX-G2TLHR0016-05/22/25-FP1,Field Msr/Obs,Water,Surface Water,2025-05-22,11:20:00,EST,2025-05-22,11:20:00,EST,.3,m,,,,,,SMP,FDEP TALLAHASSEE REGIONAL OPERATIONS CENTER,21FLTLHR_WQX-G2TLHR0016,,,,,Field Test-Discrete,21FLTLHR_WQX,Field Testing- Discrete,Miscellaneous (Other),,Dissolved oxygen (DO),,7.25,mg/L,,Final,,Actual,,,,,,,,,,,,,FDEP FT1500,21FLTLHR_WQX,FDEP FT1500,,,,,,,,,STORET
21FLTLHR_WQX,FDEP TALLAHASSEE REGIONAL OPERATIONS CENTER,21FLTLHR_WQX-G2TLHR0016-04/03/25,Sample-Routine,Water,Surface Water,2025-04-03,11:35:00,EST,2025-04-03,11:35:00,EST,.3,m,,,,,,SMP,FDEP TALLAHASSEE REGIONAL OPERATIONS CENTER,21FLTLHR_WQX-G2TLHR0016,,,,,Direct Grab,21FLTLHR_WQX,Direct Grab,Water Bottle,,"Alkalinity, total",Total,105,mg/L,,Final,,Actual,,,,,,,,,,,,,2320-B,APHA,2320 B ~ Alkalinity by Gran Titration,https://www.nemi.gov/methods/method_summary/9694/,E31780,2025-04-09,,Practical Quantitation Limit,2.5,mg/L,,STORET
21FLTLHR_WQX,FDEP TALLAHASSEE REGIONAL OPERATIONS CENTER,21FLTLHR_WQX-G2TLHR0016-05/22/25,Sample-Routine,Water,Surface Water,2025-05-22,11:20:00,EST,2025-05-22,11:20:00,EST,.3,m,,,,,,SMP,FDEP TALLAHASSEE REGIONAL OPERATIONS CENTER,21FLTLHR_WQX-G2TLHR0016,,,,,Direct Grab,21FLTLHR_WQX,Direct Grab,Water Bottle,,Potassium,Total,1,mg/L,,Final,,Actual,,,,,,**I**,,,,,,,200.7,USEPA,Metals in Water by ICP-AES,https://www.nemi.gov/methods/method_summary/4690/,E31780,2025-06-05,,Practical Quantitation Limit,1.2,mg/L,,STORET
21FLTLHR_WQX,FDEP TALLAHASSEE REGIONAL OPERATIONS CENTER,21FLTLHR_WQX-G2TLHR0016-04/03/25,Sample-Routine,Water,Surface Water,2025-04-03,11:35:00,EST,2025-04-03,11:35:00,EST,.3,m,,,,,,SMP,FDEP TALLAHASSEE REGIONAL OPERATIONS CENTER,21FLTLHR_WQX-G2TLHR0016,,,,,Direct Grab,21FLTLHR_WQX,Direct Grab,Water Bottle,,Molybdenum,Total,0.15,ug/L,,Final,,Actual,,,,,,**U**Batch matrix spike recoveries for manganese are unavailable for one of two spiked samples because of high analyte concentration in the QC sample.,,,,,,,200.8,USEPA,200.8 ~ EPA; Metals in Waters by ICP/MS,https://www.nemi.gov/methods/method_summary/4665/,E31780,2025-04-08,,Practical Quantitation Limit,.6,ug/L,,STORET
21FLTLHR_WQX,FDEP TALLAHASSEE REGIONAL OPERATIONS CENTER,21FLTLHR_WQX-G2TLHR0016-05/22/25,Sample-Routine,Water,Surface Water,2025-05-22,11:20:00,EST,2025-05-22,11:20:00,EST,.3,m,,,,,,SMP,FDEP TALLAHASSEE REGIONAL OPERATIONS CENTER,21FLTLHR_WQX-G2TLHR0016,,,,,Direct Grab,21FLTLHR_WQX,Direct Grab,Water Bottle,,Nitrate + Nitrite,Total,1.7,mg/L,,Final,,Actual,,,,,,,,,,,,,353.2,USEPA,Nitrate-Nitrite Nitrogen by Colorimetry,https://www.nemi.gov/methods/method_summary/4702/,E31780,2025-06-02,,Practical Quantitation Limit,.1,mg/L,,STORET
21FLTLHR_WQX,FDEP TALLAHASSEE REGIONAL OPERATIONS CENTER,21FLTLHR_WQX-G2TLHR0016-04/03/25,Sample-Routine,Water,Surface Water,2025-04-03,11:35:00,EST,2025-04-03,11:35:00,EST,.3,m,,,,,,SMP,FDEP TALLAHASSEE REGIONAL OPERATIONS CENTER,21FLTLHR_WQX-G2TLHR0016,,,,,Direct Grab,21FLTLHR_WQX,Direct Grab,Water Bottle,,Total Kjeldahl nitrogen (Organic N & NH3),Total,0.45,mg/L,,Final,,Actual,,,,,,,,,,,,,351.2,USEPA,351.2 ~ EPA; Total Kjeldahl Nitrogen by Colorimetry,https://www.nemi.gov/methods/method_summary/9626/,E31780,2025-04-11,,Practical Quantitation Limit,.2,mg/L,,STORET
21FLTLHR_WQX,FDEP TALLAHASSEE REGIONAL OPERATIONS CENTER,21FLTLHR_WQX-G2TLHR0016-04/03/25,Sample-Routine,Water,Surface Water,2025-04-03,11:35:00,EST,2025-04-03,11:35:00,EST,.3,m,,,,,,SMP,FDEP TALLAHASSEE REGIONAL OPERATIONS CENTER,21FLTLHR_WQX-G2TLHR0016,,,,,Direct Grab,21FLTLHR_WQX,Direct Grab,Water Bottle,,Chloride,Total,5.7,mg/L,,Final,,Calculated,,,,,,**A**,,,,,,,300.0,USEPA,300.0 ~ EPA; Determination of Inorganic Anions by Ion Chromatography,https://www.nemi.gov/methods/method_summary/4680/,E31780,2025-04-09,,Practical Quantitation Limit,.5,mg/L,,STORET
21FLTLHR_WQX,FDEP TALLAHASSEE REGIONAL OPERATIONS CENTER,21FLTLHR_WQX-G2TLHR0016-05/22/25-FP1,Field Msr/Obs,Water,Surface Water,2025-05-22,11:20:00,EST,2025-05-22,11:20:00,EST,.3,m,,,,,,SMP,FDEP TALLAHASSEE REGIONAL OPERATIONS CENTER,21FLTLHR_WQX-G2TLHR0016,,,,,Field Test-Discrete,21FLTLHR_WQX,Field Testing- Discrete,Miscellaneous (Other),,"Temperature, water",,25.3,deg C,,Final,,Actual,,,,,,,,,,,,,FDEP FT1400,21FLTLHR_WQX,FDEP FT1400,,,,,,,,,STORET
21FLTLHR_WQX,FDEP TALLAHASSEE REGIONAL OPERATIONS CENTER,21FLTLHR_WQX-G2TLHR0016-05/22/25,Sample-Routine,Water,Surface Water,2025-05-22,11:20:00,EST,2025-05-22,11:20:00,EST,.3,m,,,,,,SMP,FDEP TALLAHASSEE REGIONAL OPERATIONS CENTER,21FLTLHR_WQX-G2TLHR0016,,,,,Direct Grab,21FLTLHR_WQX,Direct Grab,Water Bottle,,Vanadium,Total,2,ug/L,,Final,,Actual,,,,,,**U**,,,,,,,200.7,USEPA,Metals in Water by ICP-AES,https://www.nemi.gov/methods/method_summary/4690/,E31780,2025-06-05,,Practical Quantitation Limit,8,ug/L,,STORET
21FLTLHR_WQX,FDEP TALLAHASSEE REGIONAL OPERATIONS CENTER,21FLTLHR_WQX-G2TLHR0016-05/22/25,Sample-Routine,Water,Surface Water,2025-05-22,11:20:00,EST,2025-05-22,11:20:00,EST,.3,m,,,,,,SMP,FDEP TALLAHASSEE REGIONAL OPERATIONS CENTER,21FLTLHR_WQX-G2TLHR0016,,,,,Direct Grab,21FLTLHR_WQX,Direct Grab,Water Bottle,,Zinc,Total,5,ug/L,,Final,,Actual,,,,,,**U**,,,,,,,200.7,USEPA,Metals in Water by ICP-AES,https://www.nemi.gov/methods/method_summary/4690/,E31780,2025-06-05,,Practical Quantitation Limit,20,ug/L,,STORET
21FLTLHR_WQX,FDEP TALLAHASSEE REGIONAL OPERATIONS CENTER,21FLTLHR_WQX-G2TLHR0016-04/03/25,Sample-Routine,Water,Surface Water,2025-04-03,11:35:00,EST,2025-04-03,11:35:00,EST,.3,m,,,,,,SMP,FDEP TALLAHASSEE REGIONAL OPERATIONS CENTER,21FLTLHR_WQX-G2TLHR0016,,,,,Direct Grab,21FLTLHR_WQX,Direct Grab,Water Bottle,,Calcium,Total,47.3,mg/L,,Final,,Actual,,,,,,,,,,,,,200.7,USEPA,Metals in Water by ICP-AES,https://www.nemi.gov/methods/method_summary/4690/,E31780,2025-04-10,,Practical Quantitation Limit,.3,mg/L,,STORET
21FLTLHR_WQX,FDEP TALLAHASSEE REGIONAL OPERATIONS CENTER,21FLTLHR_WQX-G2TLHR0016-04/03/25,Sample-Routine,Water,Surface Water,2025-04-03,11:35:00,EST,2025-04-03,11:35:00,EST,.3,m,,,,,,SMP,FDEP TALLAHASSEE REGIONAL OPERATIONS CENTER,21FLTLHR_WQX-G2TLHR0016,,,,,Direct Grab,21FLTLHR_WQX,Direct Grab,Water Bottle,,Manganese,Total,30,ug/L,,Final,,Actual,,,,,,Batch matrix spike recoveries for manganese are unavailable for one of two spiked samples because of high analyte concentration in the QC sample.,,,,,,,200.8,USEPA,200.8 ~ EPA; Metals in Waters by ICP/MS,https://www.nemi.gov/methods/method_summary/4665/,E31780,2025-04-08,,Practical Quantitation Limit,.4,ug/L,,STORET
21FLTLHR_WQX,FDEP TALLAHASSEE REGIONAL OPERATIONS CENTER,21FLTLHR_WQX-G2TLHR0016-04/03/25,Sample-Routine,Water,Surface Water,2025-04-03,11:35:00,EST,2025-04-03,11:35:00,EST,.3,m,,,,,,SMP,FDEP TALLAHASSEE REGIONAL OPERATIONS CENTER,21FLTLHR_WQX-G2TLHR0016,,,,,Direct Grab,21FLTLHR_WQX,Direct Grab,Water Bottle,,Tin,Total,3,ug/L,,Final,,Actual,,,,,,**U**,,,,,,,200.7,USEPA,Metals in Water by ICP-AES,https://www.nemi.gov/methods/method_summary/4690/,E31780,2025-04-10,,Practical Quantitation Limit,12,ug/L,,STORET
21FLTLHR_WQX,FDEP TALLAHASSEE REGIONAL OPERATIONS CENTER,21FLTLHR_WQX-G2TLHR0016-05/22/25,Sample-Routine,Water,Surface Water,2025-05-22,11:20:00,EST,2025-05-22,11:20:00,EST,.3,m,,,,,,SMP,FDEP TALLAHASSEE REGIONAL OPERATIONS CENTER,21FLTLHR_WQX-G2TLHR0016,,,,,Direct Grab,21FLTLHR_WQX,Direct Grab,Water Bottle,,"Alkalinity, total",Total,110,mg/L,,Final,,Calculated,,,,,,**A**,,,,,,,2320-B,APHA,2320 B ~ Alkalinity by Gran Titration,https://www.nemi.gov/methods/method_summary/9694/,E31780,2025-05-27,,Practical Quantitation Limit,2.5,mg/L,,STORET
21FLTLHR_WQX,FDEP TALLAHASSEE REGIONAL OPERATIONS CENTER,21FLTLHR_WQX-G2TLHR0016-05/22/25,Sample-Routine,Water,Surface Water,2025-05-22,11:20:00,EST,2025-05-22,11:20:00,EST,.3,m,,,,,,SMP,FDEP TALLAHASSEE REGIONAL OPERATIONS CENTER,21FLTLHR_WQX-G2TLHR0016,,,,,Direct Grab,21FLTLHR_WQX,Direct Grab,Water Bottle,,Phosphorus,Total,0.065,mg/L,,Final,,Actual,,,,,,,,,,,,,365.1,USEPA,Phosphorus by Colorimetry,https://www.nemi.gov/methods/method_summary/4823/,E31780,2025-06-04,,Practical Quantitation Limit,.05,mg/L,,STORET
21FLTLHR_WQX,FDEP TALLAHASSEE REGIONAL OPERATIONS CENTER,21FLTLHR_WQX-G2TLHR0016-05/22/25,Sample-Routine,Water,Surface Water,2025-05-22,11:20:00,EST,2025-05-22,11:20:00,EST,.3,m,,,,,,SMP,FDEP TALLAHASSEE REGIONAL OPERATIONS CENTER,21FLTLHR_WQX-G2TLHR0016,,,,,Direct Grab,21FLTLHR_WQX,Direct Grab,Water Bottle,,Silver,Total,0.01,ug/L,,Final,,Actual,,,,,,**U**Batch matrix spike recoveries for aluminum and manganese are unavailable for one of two spiked samples because of high analyte concentration in the QC sample.,,,,,,,200.8,USEPA,200.8 ~ EPA; Metals in Waters by ICP/MS,https://www.nemi.gov/methods/method_summary/4665/,E31780,2025-06-07,,Practical Quantitation Limit,.04,ug/L,,STORET
21FLTLHR_WQX,FDEP TALLAHASSEE REGIONAL OPERATIONS CENTER,21FLTLHR_WQX-G2TLHR0016-04/03/25,Sample-Routine,Water,Surface Water,2025-04-03,11:35:00,EST,2025-04-03,11:35:00,EST,.3,m,,,,,,SMP,FDEP TALLAHASSEE REGIONAL OPERATIONS CENTER,21FLTLHR_WQX-G2TLHR0016,,,,,Direct Grab,21FLTLHR_WQX,Direct Grab,Water Bottle,,Cadmium,Total,0.02,ug/L,,Final,,Actual,,,,,,**U**Batch matrix spike recoveries for manganese are unavailable for one of two spiked samples because of high analyte concentration in the QC sample.,,,,,,,200.8,USEPA,200.8 ~ EPA; Metals in Waters by ICP/MS,https://www.nemi.gov/methods/method_summary/4665/,E31780,2025-04-08,,Practical Quantitation Limit,.08,ug/L,,STORET
21FLTLHR_WQX,FDEP TALLAHASSEE REGIONAL OPERATIONS CENTER,21FLTLHR_WQX-G2TLHR0016-05/22/25,Sample-Routine,Water,Surface Water,2025-05-22,11:20:00,EST,2025-05-22,11:20:00,EST,.3,m,,,,,,SMP,FDEP TALLAHASSEE REGIONAL OPERATIONS CENTER,21FLTLHR_WQX-G2TLHR0016,,,,,Direct Grab,21FLTLHR_WQX,Direct Grab,Water Bottle,,Molybdenum,Total,0.15,ug/L,,Final,,Actual,,,,,,**I**Batch matrix spike recoveries for aluminum and manganese are unavailable for one of two spiked samples because of high analyte concentration in the QC sample.,,,,,,,200.8,USEPA,200.8 ~ EPA; Metals in Waters by ICP/MS,https://www.nemi.gov/methods/method_summary/4665/,E31780,2025-06-02,,Practical Quantitation Limit,.6,ug/L,,STORET
21FLTLHR_WQX,FDEP TALLAHASSEE REGIONAL OPERATIONS CENTER,21FLTLHR_WQX-G2TLHR0016-05/22/25,Sample-Routine,Water,Surface Water,2025-05-22,11:20:00,EST,2025-05-22,11:20:00,EST,.3,m,,,,,,SMP,FDEP TALLAHASSEE REGIONAL OPERATIONS CENTER,21FLTLHR_WQX-G2TLHR0016,,,,,Direct Grab,21FLTLHR_WQX,Direct Grab,Water Bottle,,Organic carbon,Total,2.4,mg/L,,Final,,Actual,,,,,,,,,,,,,5310-B,APHA,5310 B ~ Total Organic Carbon by Combustion-Infrared Method,https://www.nemi.gov/methods/method_summary/5717/,E31780,2025-05-30,,Practical Quantitation Limit,1,mg/L,,STORET
21FLTLHR_WQX,FDEP TALLAHASSEE REGIONAL OPERATIONS CENTER,21FLTLHR_WQX-G2TLHR0016-05/22/25,Sample-Routine,Water,Surface Water,2025-05-22,11:20:00,EST,2025-05-22,11:20:00,EST,.3,m,,,,,,SMP,FDEP TALLAHASSEE REGIONAL OPERATIONS CENTER,21FLTLHR_WQX-G2TLHR0016,,,,,Direct Grab,21FLTLHR_WQX,Direct Grab,Water Bottle,,Sulfate,Total,1.5,mg/L,,Final,,Calculated,,,,,,**A**,,,,,,,300.0,USEPA,300.0 ~ EPA; Determination of Inorganic Anions by Ion Chromatography,https://www.nemi.gov/methods/method_summary/4680/,E31780,2025-06-02,,Practical Quantitation Limit,.5,mg/L,,STORET
21FLTLHR_WQX,FDEP TALLAHASSEE REGIONAL OPERATIONS CENTER,21FLTLHR_WQX-G2TLHR0016-05/22/25,Sample-Routine,Water,Surface Water,2025-05-22,11:20:00,EST,2025-05-22,11:20:00,EST,.3,m,,,,,,SMP,FDEP TALLAHASSEE REGIONAL OPERATIONS CENTER,21FLTLHR_WQX-G2TLHR0016,,,,,Direct Grab,21FLTLHR_WQX,Direct Grab,Water Bottle,,Boron,Total,12.6,ug/L,,Final,,Actual,,,,,,Batch matrix spike recoveries for aluminum and manganese are unavailable for one of two spiked samples because of high analyte concentration in the QC sample.,,,,,,,200.8,USEPA,200.8 ~ EPA; Metals in Waters by ICP/MS,https://www.nemi.gov/methods/method_summary/4665/,E31780,2025-06-02,,Practical Quantitation Limit,8,ug/L,,STORET
21FLTLHR_WQX,FDEP TALLAHASSEE REGIONAL OPERATIONS CENTER,21FLTLHR_WQX-G2TLHR0016-05/22/25,Sample-Routine,Water,Surface Water,2025-05-22,11:20:00,EST,2025-05-22,11:20:00,EST,.3,m,,,,,,SMP,FDEP TALLAHASSEE REGIONAL OPERATIONS CENTER,21FLTLHR_WQX-G2TLHR0016,,,,,Direct Grab,21FLTLHR_WQX,Direct Grab,Water Bottle,,True color,,11,PCU,,Final,,Actual,,,,,,,,,,,,,110.2,USEPA,Color Analysis Using Platinum/Cobalt,https://www.nemi.gov/methods/method_summary/5208/,E31780,2025-05-23,,Practical Quantitation Limit,6,PCU,,STORET
21FLTLHR_WQX,FDEP TALLAHASSEE REGIONAL OPERATIONS CENTER,21FLTLHR_WQX-G2TLHR0016-04/03/25,Sample-Routine,Water,Surface Water,2025-04-03,11:35:00,EST,2025-04-03,11:35:00,EST,.3,m,,,,,,SMP,FDEP TALLAHASSEE REGIONAL OPERATIONS CENTER,21FLTLHR_WQX-G2TLHR0016,,,,,Direct Grab,21FLTLHR_WQX,Direct Grab,Water Bottle,,Barium,Total,15.2,ug/L,,Final,,Actual,,,,,,Batch matrix spike recoveries for manganese are unavailable for one of two spiked samples because of high analyte concentration in the QC sample.,,,,,,,200.8,USEPA,200.8 ~ EPA; Metals in Waters by ICP/MS,https://www.nemi.gov/methods/method_summary/4665/,E31780,2025-04-08,,Practical Quantitation Limit,.8,ug/L,,STORET
21FLTLHR_WQX,FDEP TALLAHASSEE REGIONAL OPERATIONS CENTER,21FLTLHR_WQX-G2TLHR0016-05/22/25,Sample-Routine,Water,Surface Water,2025-05-22,11:20:00,EST,2025-05-22,11:20:00,EST,.3,m,,,,,,SMP,FDEP TALLAHASSEE REGIONAL OPERATIONS CENTER,21FLTLHR_WQX-G2TLHR0016,,,,,Direct Grab,21FLTLHR_WQX,Direct Grab,Water Bottle,,Tin,Total,3,ug/L,,Final,,Actual,,,,,,**U**,,,,,,,200.7,USEPA,Metals in Water by ICP-AES,https://www.nemi.gov/methods/method_summary/4690/,E31780,2025-06-05,,Practical Quantitation Limit,12,ug/L,,STORET
21FLTLHR_WQX,FDEP TALLAHASSEE REGIONAL OPERATIONS CENTER,21FLTLHR_WQX-G2TLHR0016-05/22/25,Sample-Routine,Water,Surface Water,2025-05-22,11:20:00,EST,2025-05-22,11:20:00,EST,.3,m,,,,,,SMP,FDEP TALLAHASSEE REGIONAL OPERATIONS CENTER,21FLTLHR_WQX-G2TLHR0016,,,,,Direct Grab,21FLTLHR_WQX,Direct Grab,Water Bottle,,Thallium,Total,0.1,ug/L,,Final,,Actual,,,,,,**U**Batch matrix spike recoveries for aluminum and manganese are unavailable for one of two spiked samples because of high analyte concentration in the QC sample.,,,,,,,200.8,USEPA,200.8 ~ EPA; Metals in Waters by ICP/MS,https://www.nemi.gov/methods/method_summary/4665/,E31780,2025-06-04,,Practical Quantitation Limit,.4,ug/L,,STORET
21FLTLHR_WQX,FDEP TALLAHASSEE REGIONAL OPERATIONS CENTER,21FLTLHR_WQX-G2TLHR0016-05/22/25-FP1,Field Msr/Obs,Water,Surface Water,2025-05-22,11:20:00,EST,2025-05-22,11:20:00,EST,.3,m,,,,,,SMP,FDEP TALLAHASSEE REGIONAL OPERATIONS CENTER,21FLTLHR_WQX-G2TLHR0016,,,,,Field Test-Discrete,21FLTLHR_WQX,Field Testing- Discrete,Miscellaneous (Other),,Salinity,,0.12,ppth,,Final,,Actual,,,,,,,,,,,,,FDEP FT1300,21FLTLHR_WQX,FDEP FT1300,,,,,,,,,STORET
21FLTLHR_WQX,FDEP TALLAHASSEE REGIONAL OPERATIONS CENTER,21FLTLHR_WQX-G2TLHR0016-04/03/25-FP1,Field Msr/Obs,Water,Surface Water,2025-04-03,11:35:00,EST,2025-04-03,11:35:00,EST,.3,m,,,,,,SMP,FDEP TALLAHASSEE REGIONAL OPERATIONS CENTER,21FLTLHR_WQX-G2TLHR0016,,,,,Field Test-Discrete,21FLTLHR_WQX,Field Testing- Discrete,Miscellaneous (Other),,Specific conductance,,238.1,umho/cm,,Final,,Actual,,,,,,,,,,,,,FDEP FT1200,21FLTLHR_WQX,FDEP FT1200,,,,,,,,,STORET
21FLTLHR_WQX,FDEP TALLAHASSEE REGIONAL OPERATIONS CENTER,21FLTLHR_WQX-G2TLHR0016-04/03/25,Sample-Routine,Water,Surface Water,2025-04-03,11:35:00,EST,2025-04-03,11:35:00,EST,.3,m,,,,,,SMP,FDEP TALLAHASSEE REGIONAL OPERATIONS CENTER,21FLTLHR_WQX-G2TLHR0016,,,,,Direct Grab,21FLTLHR_WQX,Direct Grab,Water Bottle,,Vanadium,Total,2,ug/L,,Final,,Actual,,,,,,**U**,,,,,,,200.7,USEPA,Metals in Water by ICP-AES,https://www.nemi.gov/methods/method_summary/4690/,E31780,2025-04-10,,Practical Quantitation Limit,8,ug/L,,STORET
21FLTLHR_WQX,FDEP TALLAHASSEE REGIONAL OPERATIONS CENTER,21FLTLHR_WQX-G2TLHR0016-05/22/25,Sample-Routine,Water,Surface Water,2025-05-22,11:20:00,EST,2025-05-22,11:20:00,EST,.3,m,,,,,,SMP,FDEP TALLAHASSEE REGIONAL OPERATIONS CENTER,21FLTLHR_WQX-G2TLHR0016,,,,,Direct Grab,21FLTLHR_WQX,Direct Grab,Water Bottle,,Strontium,Total,42.8,ug/L,,Final,,Actual,,,,,,,,,,,,,200.7,USEPA,Metals in Water by ICP-AES,https://www.nemi.gov/methods/method_summary/4690/,E31780,2025-06-05,,Practical Quantitation Limit,8,ug/L,,STORET
21FLTLHR_WQX,FDEP TALLAHASSEE REGIONAL OPERATIONS CENTER,21FLTLHR_WQX-G2TLHR0016-04/03/25,Sample-Routine,Water,Surface Water,2025-04-03,11:35:00,EST,2025-04-03,11:35:00,EST,.3,m,,,,,,SMP,FDEP TALLAHASSEE REGIONAL OPERATIONS CENTER,21FLTLHR_WQX-G2TLHR0016,,,,,Direct Grab,21FLTLHR_WQX,Direct Grab,Water Bottle,,Beryllium,Total,0.025,ug/L,,Final,,Actual,,,,,,**I**Batch matrix spike recoveries for manganese are unavailable for one of two spiked samples because of high analyte concentration in the QC sample.,,,,,,,200.8,USEPA,200.8 ~ EPA; Metals in Waters by ICP/MS,https://www.nemi.gov/methods/method_summary/4665/,E31780,2025-04-08,,Practical Quantitation Limit,.04,ug/L,,STORET
21FLTLHR_WQX,FDEP TALLAHASSEE REGIONAL OPERATIONS CENTER,21FLTLHR_WQX-G2TLHR0016-04/03/25,Sample-Routine,Water,Surface Water,2025-04-03,11:35:00,EST,2025-04-03,11:35:00,EST,.3,m,,,,,,SMP,FDEP TALLAHASSEE REGIONAL OPERATIONS CENTER,21FLTLHR_WQX-G2TLHR0016,,,,,Direct Grab,21FLTLHR_WQX,Direct Grab,Water Bottle,,Thallium,Total,0.1,ug/L,,Final,,Actual,,,,,,**U**Batch matrix spike recoveries for manganese are unavailable for one of two spiked samples because of high analyte concentration in the QC sample.,,,,,,,200.8,USEPA,200.8 ~ EPA; Metals in Waters by ICP/MS,https://www.nemi.gov/methods/method_summary/4665/,E31780,2025-04-08,,Practical Quantitation Limit,.4,ug/L,,STORET
21FLTLHR_WQX,FDEP TALLAHASSEE REGIONAL OPERATIONS CENTER,21FLTLHR_WQX-G2TLHR0016-04/03/25,Sample-Routine,Water,Surface Water,2025-04-03,11:35:00,EST,2025-04-03,11:35:00,EST,.3,m,,,,,,SMP,FDEP TALLAHASSEE REGIONAL OPERATIONS CENTER,21FLTLHR_WQX-G2TLHR0016,,,,,Direct Grab,21FLTLHR_WQX,Direct Grab,Water Bottle,,Escherichia coli,Total,75.4,MPN/100mL,,Final,,Actual,,,,,,Precision data is unavailable for E. coli due to the small amount of analyte in the QC sample for the batch.,,,,,,,9223-B,APHA,9223 B ~ Enzyme substrate assay for measuring total coliforms and E. coli (ONPG-MUG test or CPRG-MUG test),https://www.nemi.gov/methods/method_summary/5583/,E31780,2025-04-04,,Practical Quantitation Limit,1,MPN/100mL,,STORET
21FLTLHR_WQX,FDEP TALLAHASSEE REGIONAL OPERATIONS CENTER,21FLTLHR_WQX-G2TLHR0016-04/03/25,Sample-Routine,Water,Surface Water,2025-04-03,11:35:00,EST,2025-04-03,11:35:00,EST,.3,m,,,,,,SMP,FDEP TALLAHASSEE REGIONAL OPERATIONS CENTER,21FLTLHR_WQX-G2TLHR0016,,,,,Direct Grab,21FLTLHR_WQX,Direct Grab,Water Bottle,,Turbidity,,4.6,NTU,,Final,,Actual,,,,,,,,,,,,,180.1,USEPA,Turbidity by Nephelometry,https://www.nemi.gov/methods/method_summary/5217/,E31780,2025-04-04,,Practical Quantitation Limit,1,NTU,,STORET
21FLTLHR_WQX,FDEP TALLAHASSEE REGIONAL OPERATIONS CENTER,21FLTLHR_WQX-G2TLHR0016-04/03/25,Sample-Routine,Water,Surface Water,2025-04-03,11:35:00,EST,2025-04-03,11:35:00,EST,.3,m,,,,,,SMP,FDEP TALLAHASSEE REGIONAL OPERATIONS CENTER,21FLTLHR_WQX-G2TLHR0016,,,,,Direct Grab,21FLTLHR_WQX,Direct Grab,Water Bottle,,Zinc,Total,5,ug/L,,Final,,Actual,,,,,,**U**,,,,,,,200.7,USEPA,Metals in Water by ICP-AES,https://www.nemi.gov/methods/method_summary/4690/,E31780,2025-04-10,,Practical Quantitation Limit,20,ug/L,,STORET
21FLTLHR_WQX,FDEP TALLAHASSEE REGIONAL OPERATIONS CENTER,21FLTLHR_WQX-G2TLHR0016-04/03/25,Sample-Routine,Water,Surface Water,2025-04-03,11:35:00,EST,2025-04-03,11:35:00,EST,.3,m,,,,,,SMP,FDEP TALLAHASSEE REGIONAL OPERATIONS CENTER,21FLTLHR_WQX-G2TLHR0016,,,,,Direct Grab,21FLTLHR_WQX,Direct Grab,Water Bottle,,Chromium,Total,0.63,ug/L,,Final,,Actual,,,,,,**I**Batch matrix spike recoveries for manganese are unavailable for one of two spiked samples because of high analyte concentration in the QC sample.,,,,,,,200.8,USEPA,200.8 ~ EPA; Metals in Waters by ICP/MS,https://www.nemi.gov/methods/method_summary/4665/,E31780,2025-04-08,,Practical Quantitation Limit,1.6,ug/L,,STORET
21FLTLHR_WQX,FDEP TALLAHASSEE REGIONAL OPERATIONS CENTER,21FLTLHR_WQX-G2TLHR0016-05/22/25,Sample-Routine,Water,Surface Water,2025-05-22,11:20:00,EST,2025-05-22,11:20:00,EST,.3,m,,,,,,SMP,FDEP TALLAHASSEE REGIONAL OPERATIONS CENTER,21FLTLHR_WQX-G2TLHR0016,,,,,Direct Grab,21FLTLHR_WQX,Direct Grab,Water Bottle,,Barium,Total,14.5,ug/L,,Final,,Actual,,,,,,Batch matrix spike recoveries for aluminum and manganese are unavailable for one of two spiked samples because of high analyte concentration in the QC sample.,,,,,,,200.8,USEPA,200.8 ~ EPA; Metals in Waters by ICP/MS,https://www.nemi.gov/methods/method_summary/4665/,E31780,2025-06-02,,Practical Quantitation Limit,.8,ug/L,,STORET
21FLTLHR_WQX,FDEP TALLAHASSEE REGIONAL OPERATIONS CENTER,21FLTLHR_WQX-G2TLHR0016-05/22/25,Sample-Routine,Water,Surface Water,2025-05-22,11:20:00,EST,2025-05-22,11:20:00,EST,.3,m,,,,,,SMP,FDEP TALLAHASSEE REGIONAL OPERATIONS CENTER,21FLTLHR_WQX-G2TLHR0016,,,,,Direct Grab,21FLTLHR_WQX,Direct Grab,Water Bottle,,Iron,Total,420,ug/L,,Final,,Actual,,,,,,,,,,,,,200.7,USEPA,Metals in Water by ICP-AES,https://www.nemi.gov/methods/method_summary/4690/,E31780,2025-06-09,,Practical Quantitation Limit,120,ug/L,,STORET
21FLTLHR_WQX,FDEP TALLAHASSEE REGIONAL OPERATIONS CENTER,21FLTLHR_WQX-G2TLHR0016-04/03/25,Sample-Routine,Water,Surface Water,2025-04-03,11:35:00,EST,2025-04-03,11:35:00,EST,.3,m,,,,,,SMP,FDEP TALLAHASSEE REGIONAL OPERATIONS CENTER,21FLTLHR_WQX-G2TLHR0016,,,,,Direct Grab,21FLTLHR_WQX,Direct Grab,Water Bottle,,Total dissolved solids,Total,136,mg/L,,Final,,Actual,,,,,,,,,,,,,2540-C,APHA,2540 C ~ Total Dissolved Solids in Water,https://www.nemi.gov/methods/method_summary/9818/,E31780,2025-04-08,,Practical Quantitation Limit,25,mg/L,,STORET
21FLTLHR_WQX,FDEP TALLAHASSEE REGIONAL OPERATIONS CENTER,21FLTLHR_WQX-G2TLHR0016-05/22/25,Sample-Routine,Water,Surface Water,2025-05-22,11:20:00,EST,2025-05-22,11:20:00,EST,.3,m,,,,,,SMP,FDEP TALLAHASSEE REGIONAL OPERATIONS CENTER,21FLTLHR_WQX-G2TLHR0016,,,,,Direct Grab,21FLTLHR_WQX,Direct Grab,Water Bottle,,Total hardness,Total,131,mg/L,,Final,,Actual,,,,,,,,,,,,,2340B,APHA,2340 B ~ Hardness by Calculation,https://www.nemi.gov/methods/method_summary/4679/,E31780,2025-06-05,,Practical Quantitation Limit,1.4,mg/L,,STORET
21FLTLHR_WQX,FDEP TALLAHASSEE REGIONAL OPERATIONS CENTER,21FLTLHR_WQX-G2TLHR0016-05/22/25-FP1,Field Msr/Obs,Water,Surface Water,2025-05-22,11:20:00,EST,2025-05-22,11:20:00,EST,.3,m,,,,,,SMP,FDEP TALLAHASSEE REGIONAL OPERATIONS CENTER,21FLTLHR_WQX-G2TLHR0016,,,,,Field Test-Discrete,21FLTLHR_WQX,Field Testing- Discrete,Miscellaneous (Other),,Specific conductance,,253.8,umho/cm,,Final,,Actual,,,,,,,,,,,,,FDEP FT1200,21FLTLHR_WQX,FDEP FT1200,,,,,,,,,STORET
21FLTLHR_WQX,FDEP TALLAHASSEE REGIONAL OPERATIONS CENTER,21FLTLHR_WQX-G2TLHR0016-04/03/25,Sample-Routine,Water,Surface Water,2025-04-03,11:35:00,EST,2025-04-03,11:35:00,EST,.3,m,,,,,,SMP,FDEP TALLAHASSEE REGIONAL OPERATIONS CENTER,21FLTLHR_WQX-G2TLHR0016,,,,,Direct Grab,21FLTLHR_WQX,Direct Grab,Water Bottle,,Arsenic,Total,0.49,ug/L,,Final,,Actual,,,,,,Batch matrix spike recoveries for manganese are unavailable for one of two spiked samples because of high analyte concentration in the QC sample.,,,,,,,200.8,USEPA,200.8 ~ EPA; Metals in Waters by ICP/MS,https://www.nemi.gov/methods/method_summary/4665/,E31780,2025-04-08,,Practical Quantitation Limit,.2,ug/L,,STORET
21FLTLHR_WQX,FDEP TALLAHASSEE REGIONAL OPERATIONS CENTER,21FLTLHR_WQX-G2TLHR0016-05/22/25,Sample-Routine,Water,Surface Water,2025-05-22,11:20:00,EST,2025-05-22,11:20:00,EST,.3,m,,,,,,SMP,FDEP TALLAHASSEE REGIONAL OPERATIONS CENTER,21FLTLHR_WQX-G2TLHR0016,,,,,Direct Grab,21FLTLHR_WQX,Direct Grab,Water Bottle,,Aluminum,Total,382,ug/L,,Final,,Actual,,,,,,Batch matrix spike recoveries for aluminum and manganese are unavailable for one of two spiked samples because of high analyte concentration in the QC sample.,,,,,,,200.8,USEPA,200.8 ~ EPA; Metals in Waters by ICP/MS,https://www.nemi.gov/methods/method_summary/4665/,E31780,2025-06-02,,Practical Quantitation Limit,20,ug/L,,STORET
21FLTLHR_WQX,FDEP TALLAHASSEE REGIONAL OPERATIONS CENTER,21FLTLHR_WQX-G2TLHR0016-05/22/25,Sample-Routine,Water,Surface Water,2025-05-22,11:20:00,EST,2025-05-22,11:20:00,EST,.3,m,,,,,,SMP,FDEP TALLAHASSEE REGIONAL OPERATIONS CENTER,21FLTLHR_WQX-G2TLHR0016,,,,,Direct Grab,21FLTLHR_WQX,Direct Grab,Water Bottle,,Escherichia coli,Total,1553.1,MPN/100mL,,Final,,Actual,,,,,,,,,,,,,9223-B,APHA,9223 B ~ Enzyme substrate assay for measuring total coliforms and E. coli (ONPG-MUG test or CPRG-MUG test),https://www.nemi.gov/methods/method_summary/5583/,E31780,2025-05-23,,Practical Quantitation Limit,1,MPN/100mL,,STORET
21FLTLHR_WQX,FDEP TALLAHASSEE REGIONAL OPERATIONS CENTER,21FLTLHR_WQX-G2TLHR0016-04/03/25,Sample-Routine,Water,Surface Water,2025-04-03,11:35:00,EST,2025-04-03,11:35:00,EST,.3,m,,,,,,SMP,FDEP TALLAHASSEE REGIONAL OPERATIONS CENTER,21FLTLHR_WQX-G2TLHR0016,,,,,Direct Grab,21FLTLHR_WQX,Direct Grab,Water Bottle,,Nickel,Total,0.5,ug/L,,Final,,Actual,,,,,,**U**Batch matrix spike recoveries for manganese are unavailable for one of two spiked samples because of high analyte concentration in the QC sample.,,,,,,,200.8,USEPA,200.8 ~ EPA; Metals in Waters by ICP/MS,https://www.nemi.gov/methods/method_summary/4665/,E31780,2025-04-08,,Practical Quantitation Limit,2,ug/L,,STORET
21FLTLHR_WQX,FDEP TALLAHASSEE REGIONAL OPERATIONS CENTER,21FLTLHR_WQX-G2TLHR0016-05/22/25,Sample-Routine,Water,Surface Water,2025-05-22,11:20:00,EST,2025-05-22,11:20:00,EST,.3,m,,,,,,SMP,FDEP TALLAHASSEE REGIONAL OPERATIONS CENTER,21FLTLHR_WQX-G2TLHR0016,,,,,Direct Grab,21FLTLHR_WQX,Direct Grab,Water Bottle,,Chloride,Total,5.8,mg/L,,Final,,Calculated,,,,,,**A**,,,,,,,300.0,USEPA,300.0 ~ EPA; Determination of Inorganic Anions by Ion Chromatography,https://www.nemi.gov/methods/method_summary/4680/,E31780,2025-06-02,,Practical Quantitation Limit,.5,mg/L,,STORET
21FLTLHR_WQX,FDEP TALLAHASSEE REGIONAL OPERATIONS CENTER,21FLTLHR_WQX-G2TLHR0016-05/22/25,Sample-Routine,Water,Surface Water,2025-05-22,11:20:00,EST,2025-05-22,11:20:00,EST,.3,m,,,,,,SMP,FDEP TALLAHASSEE REGIONAL OPERATIONS CENTER,21FLTLHR_WQX-G2TLHR0016,,,,,Direct Grab,21FLTLHR_WQX,Direct Grab,Water Bottle,,Magnesium,Total,2.95,mg/L,,Final,,Actual,,,,,,,,,,,,,200.7,USEPA,Metals in Water by ICP-AES,https://www.nemi.gov/methods/method_summary/4690/,E31780,2025-06-05,,Practical Quantitation Limit,.16,mg/L,,STORET
21FLTLHR_WQX,FDEP TALLAHASSEE REGIONAL OPERATIONS CENTER,21FLTLHR_WQX-G2TLHR0016-04/03/25,Sample-Routine,Water,Surface Water,2025-04-03,11:35:00,EST,2025-04-03,11:35:00,EST,.3,m,,,,,,SMP,FDEP TALLAHASSEE REGIONAL OPERATIONS CENTER,21FLTLHR_WQX-G2TLHR0016,,,,,Direct Grab,21FLTLHR_WQX,Direct Grab,Water Bottle,,Antimony,Total,0.05,ug/L,,Final,,Actual,,,,,,**U**Batch matrix spike recoveries for manganese are unavailable for one of two spiked samples because of high analyte concentration in the QC sample.,,,,,,,200.8,USEPA,200.8 ~ EPA; Metals in Waters by ICP/MS,https://www.nemi.gov/methods/method_summary/4665/,E31780,2025-04-08,,Practical Quantitation Limit,.2,ug/L,,STORET
21FLTLHR_WQX,FDEP TALLAHASSEE REGIONAL OPERATIONS CENTER,21FLTLHR_WQX-G2TLHR0016-05/22/25,Sample-Routine,Water,Surface Water,2025-05-22,11:20:00,EST,2025-05-22,11:20:00,EST,.3,m,,,,,,SMP,FDEP TALLAHASSEE REGIONAL OPERATIONS CENTER,21FLTLHR_WQX-G2TLHR0016,,,,,Direct Grab,21FLTLHR_WQX,Direct Grab,Water Bottle,,Selenium,Total,0.23,ug/L,,Final,,Actual,,,,,,**I**Batch matrix spike recoveries for aluminum and manganese are unavailable for one of two spiked samples because of high analyte concentration in the QC sample.,,,,,,,200.8,USEPA,200.8 ~ EPA; Metals in Waters by ICP/MS,https://www.nemi.gov/methods/method_summary/4665/,E31780,2025-06-02,,Practical Quantitation Limit,.8,ug/L,,STORET
21FLTLHR_WQX,FDEP TALLAHASSEE REGIONAL OPERATIONS CENTER,21FLTLHR_WQX-G2TLHR0016-04/03/25-FP1,Field Msr/Obs,Water,Surface Water,2025-04-03,11:35:00,EST,2025-04-03,11:35:00,EST,.3,m,,,,,,SMP,FDEP TALLAHASSEE REGIONAL OPERATIONS CENTER,21FLTLHR_WQX-G2TLHR0016,,,,,Field Test-Discrete,21FLTLHR_WQX,Field Testing- Discrete,Miscellaneous (Other),,"Depth, Secchi disk depth",,0.8,m,,Final,,Actual,,,,,,**S**,,,,,,,FDEP FT1700,21FLTLHR_WQX,FDEP FT1700,,,,,,,,,STORET
21FLTLHR_WQX,FDEP TALLAHASSEE REGIONAL OPERATIONS CENTER,21FLTLHR_WQX-G2TLHR0016-04/03/25-FP1,Field Msr/Obs,Water,Surface Water,2025-04-03,11:35:00,EST,2025-04-03,11:35:00,EST,.3,m,,,,,,SMP,FDEP TALLAHASSEE REGIONAL OPERATIONS CENTER,21FLTLHR_WQX-G2TLHR0016,,,,,Field Test-Discrete,21FLTLHR_WQX,Field Testing- Discrete,Miscellaneous (Other),,Dissolved oxygen (DO),,7.58,mg/L,,Final,,Actual,,,,,,,,,,,,,FDEP FT1500,21FLTLHR_WQX,FDEP FT1500,,,,,,,,,STORET
21FLTLHR_WQX,FDEP TALLAHASSEE REGIONAL OPERATIONS CENTER,21FLTLHR_WQX-G2TLHR0016-05/22/25,Sample-Routine,Water,Surface Water,2025-05-22,11:20:00,EST,2025-05-22,11:20:00,EST,.3,m,,,,,,SMP,FDEP TALLAHASSEE REGIONAL OPERATIONS CENTER,21FLTLHR_WQX-G2TLHR0016,,,,,Direct Grab,21FLTLHR_WQX,Direct Grab,Water Bottle,,Fluoride,Total,0.055,mg/L,,Final,,Actual,,,,,,**I**,,,,,,,4500-F-C,APHA,4500 F C ~ Fluoride in Water Using an ISE,https://www.nemi.gov/methods/method_summary/5709/,E31780,2025-05-27,,Practical Quantitation Limit,.1,mg/L,,STORET
21FLTLHR_WQX,FDEP TALLAHASSEE REGIONAL OPERATIONS CENTER,21FLTLHR_WQX-G2TLHR0016-04/03/25,Sample-Routine,Water,Surface Water,2025-04-03,11:35:00,EST,2025-04-03,11:35:00,EST,.3,m,,,,,,SMP,FDEP TALLAHASSEE REGIONAL OPERATIONS CENTER,21FLTLHR_WQX-G2TLHR0016,,,,,Direct Grab,21FLTLHR_WQX,Direct Grab,Water Bottle,,Nitrate + Nitrite,Total,1.4,mg/L,,Final,,Actual,,,,,,,,,,,,,353.2,USEPA,Nitrate-Nitrite Nitrogen by Colorimetry,https://www.nemi.gov/methods/method_summary/4702/,E31780,2025-04-17,,Practical Quantitation Limit,.1,mg/L,,STORET
21FLTLHR_WQX,FDEP TALLAHASSEE REGIONAL OPERATIONS CENTER,21FLTLHR_WQX-G2TLHR0016-07/10/25,Sample-Routine,Water,Surface Water,2025-07-10,13:50:00,EST,2025-07-10,13:50:00,EST,.3,m,,,,,,SMP,FDEP TALLAHASSEE REGIONAL OPERATIONS CENTER,21FLTLHR_WQX-G2TLHR0016,,,,,Direct Grab,21FLTLHR_WQX,Direct Grab,Water Bottle,,Total suspended solids,Total,6,mg/L,,Final,,Actual,,,,,,**I**Batch relative percent difference is unavailable because of low analyte concentration in the QC sample.,,,,,,,2540-D,APHA,2540 D ~ Total Suspended Solids in Water,https://www.nemi.gov/methods/method_summary/9819/,E31780,2025-07-14,,Practical Quantitation Limit,10,mg/L,,STORET
21FLTLHR_WQX,FDEP TALLAHASSEE REGIONAL OPERATIONS CENTER,21FLTLHR_WQX-G2TLHR0016-07/10/25,Sample-Routine,Water,Surface Water,2025-07-10,13:50:00,EST,2025-07-10,13:50:00,EST,.3,m,,,,,,SMP,FDEP TALLAHASSEE REGIONAL OPERATIONS CENTER,21FLTLHR_WQX-G2TLHR0016,,,,,Direct Grab,21FLTLHR_WQX,Direct Grab,Water Bottle,,Silver,Total,0.01,ug/L,,Final,,Actual,,,,,,**U**,,,,,,,200.8,USEPA,200.8 ~ EPA; Metals in Waters by ICP/MS,https://www.nemi.gov/methods/method_summary/4665/,E31780,2025-07-15,,Practical Quantitation Limit,.04,ug/L,,STORET
21FLTLHR_WQX,FDEP TALLAHASSEE REGIONAL OPERATIONS CENTER,21FLTLHR_WQX-G2TLHR0016-07/10/25,Sample-Routine,Water,Surface Water,2025-07-10,13:50:00,EST,2025-07-10,13:50:00,EST,.3,m,,,,,,SMP,FDEP TALLAHASSEE REGIONAL OPERATIONS CENTER,21FLTLHR_WQX-G2TLHR0016,,,,,Direct Grab,21FLTLHR_WQX,Direct Grab,Water Bottle,,Iron,Total,290,ug/L,,Final,,Actual,,,,,,,,,,,,,200.7,USEPA,Metals in Water by ICP-AES,https://www.nemi.gov/methods/method_summary/4690/,E31780,2025-07-24,,Practical Quantitation Limit,120,ug/L,,STORET
21FLTLHR_WQX,FDEP TALLAHASSEE REGIONAL OPERATIONS CENTER,21FLTLHR_WQX-G2TLHR0016-07/10/25-FP1,Field Msr/Obs,Water,Surface Water,2025-07-10,13:50:00,EST,2025-07-10,13:50:00,EST,.3,m,,,,,,SMP,FDEP TALLAHASSEE REGIONAL OPERATIONS CENTER,21FLTLHR_WQX-G2TLHR0016,,,,,Field Test-Discrete,21FLTLHR_WQX,Field Testing- Discrete,Miscellaneous (Other),,Salinity,,0.12,ppth,,Final,,Actual,,,,,,,,,,,,,FDEP FT1300,21FLTLHR_WQX,FDEP FT1300,,,,,,,,,STORET
21FLTLHR_WQX,FDEP TALLAHASSEE REGIONAL OPERATIONS CENTER,21FLTLHR_WQX-G2TLHR0016-07/10/25,Sample-Routine,Water,Surface Water,2025-07-10,13:50:00,EST,2025-07-10,13:50:00,EST,.3,m,,,,,,SMP,FDEP TALLAHASSEE REGIONAL OPERATIONS CENTER,21FLTLHR_WQX-G2TLHR0016,,,,,Direct Grab,21FLTLHR_WQX,Direct Grab,Water Bottle,,Selenium,Total,0.2,ug/L,,Final,,Actual,,,,,,**U**,,,,,,,200.8,USEPA,200.8 ~ EPA; Metals in Waters by ICP/MS,https://www.nemi.gov/methods/method_summary/4665/,E31780,2025-07-15,,Practical Quantitation Limit,.8,ug/L,,STORET
21FLTLHR_WQX,FDEP TALLAHASSEE REGIONAL OPERATIONS CENTER,21FLTLHR_WQX-G2TLHR0016-07/10/25,Sample-Routine,Water,Surface Water,2025-07-10,13:50:00,EST,2025-07-10,13:50:00,EST,.3,m,,,,,,SMP,FDEP TALLAHASSEE REGIONAL OPERATIONS CENTER,21FLTLHR_WQX-G2TLHR0016,,,,,Direct Grab,21FLTLHR_WQX,Direct Grab,Water Bottle,,Total dissolved solids,Total,152,mg/L,,Final,,Actual,,,,,,,,,,,,,2540-C,APHA,2540 C ~ Total Dissolved Solids in Water,https://www.nemi.gov/methods/method_summary/9818/,E31780,2025-07-14,,Practical Quantitation Limit,25,mg/L,,STORET
21FLTLHR_WQX,FDEP TALLAHASSEE REGIONAL OPERATIONS CENTER,21FLTLHR_WQX-G2TLHR0016-07/10/25,Sample-Routine,Water,Surface Water,2025-07-10,13:50:00,EST,2025-07-10,13:50:00,EST,.3,m,,,,,,SMP,FDEP TALLAHASSEE REGIONAL OPERATIONS CENTER,21FLTLHR_WQX-G2TLHR0016,,,,,Direct Grab,21FLTLHR_WQX,Direct Grab,Water Bottle,,Phosphorus,Total,0.024,mg/L,,Final,,Actual,,,,,,,,,,,,,365.1,USEPA,Phosphorus by Colorimetry,https://www.nemi.gov/methods/method_summary/4823/,E31780,2025-07-21,,Practical Quantitation Limit,.005,mg/L,,STORET
21FLTLHR_WQX,FDEP TALLAHASSEE REGIONAL OPERATIONS CENTER,21FLTLHR_WQX-G2TLHR0016-07/10/25,Sample-Routine,Water,Surface Water,2025-07-10,13:50:00,EST,2025-07-10,13:50:00,EST,.3,m,,,,,,SMP,FDEP TALLAHASSEE REGIONAL OPERATIONS CENTER,21FLTLHR_WQX-G2TLHR0016,,,,,Direct Grab,21FLTLHR_WQX,Direct Grab,Water Bottle,,Strontium,Total,45.9,ug/L,,Final,,Actual,,,,,,,,,,,,,200.7,USEPA,Metals in Water by ICP-AES,https://www.nemi.gov/methods/method_summary/4690/,E31780,2025-07-18,,Practical Quantitation Limit,8,ug/L,,STORET
21FLTLHR_WQX,FDEP TALLAHASSEE REGIONAL OPERATIONS CENTER,21FLTLHR_WQX-G2TLHR0016-07/10/25,Sample-Routine,Water,Surface Water,2025-07-10,13:50:00,EST,2025-07-10,13:50:00,EST,.3,m,,,,,,SMP,FDEP TALLAHASSEE REGIONAL OPERATIONS CENTER,21FLTLHR_WQX-G2TLHR0016,,,,,Direct Grab,21FLTLHR_WQX,Direct Grab,Water Bottle,,Turbidity,,1.3,NTU,,Final,,Actual,,,,,,,,,,,,,180.1,USEPA,Turbidity by Nephelometry,https://www.nemi.gov/methods/method_summary/5217/,E31780,2025-07-11,,Practical Quantitation Limit,1,NTU,,STORET
21FLTLHR_WQX,FDEP TALLAHASSEE REGIONAL OPERATIONS CENTER,21FLTLHR_WQX-G2TLHR0016-07/10/25,Sample-Routine,Water,Surface Water,2025-07-10,13:50:00,EST,2025-07-10,13:50:00,EST,.3,m,,,,,,SMP,FDEP TALLAHASSEE REGIONAL OPERATIONS CENTER,21FLTLHR_WQX-G2TLHR0016,,,,,Direct Grab,21FLTLHR_WQX,Direct Grab,Water Bottle,,Nickel,Total,0.5,ug/L,,Final,,Actual,,,,,,**U**,,,,,,,200.8,USEPA,200.8 ~ EPA; Metals in Waters by ICP/MS,https://www.nemi.gov/methods/method_summary/4665/,E31780,2025-07-15,,Practical Quantitation Limit,2,ug/L,,STORET
21FLTLHR_WQX,FDEP TALLAHASSEE REGIONAL OPERATIONS CENTER,21FLTLHR_WQX-G2TLHR0016-07/10/25,Sample-Routine,Water,Surface Water,2025-07-10,13:50:00,EST,2025-07-10,13:50:00,EST,.3,m,,,,,,SMP,FDEP TALLAHASSEE REGIONAL OPERATIONS CENTER,21FLTLHR_WQX-G2TLHR0016,,,,,Direct Grab,21FLTLHR_WQX,Direct Grab,Water Bottle,,Barium,Total,10.7,ug/L,,Final,,Actual,,,,,,,,,,,,,200.8,USEPA,200.8 ~ EPA; Metals in Waters by ICP/MS,https://www.nemi.gov/methods/method_summary/4665/,E31780,2025-07-15,,Practical Quantitation Limit,.8,ug/L,,STORET
21FLTLHR_WQX,FDEP TALLAHASSEE REGIONAL OPERATIONS CENTER,21FLTLHR_WQX-G2TLHR0016-07/10/25,Sample-Routine,Water,Surface Water,2025-07-10,13:50:00,EST,2025-07-10,13:50:00,EST,.3,m,,,,,,SMP,FDEP TALLAHASSEE REGIONAL OPERATIONS CENTER,21FLTLHR_WQX-G2TLHR0016,,,,,Direct Grab,21FLTLHR_WQX,Direct Grab,Water Bottle,,Manganese,Total,55,ug/L,,Final,,Actual,,,,,,,,,,,,,200.8,USEPA,200.8 ~ EPA; Metals in Waters by ICP/MS,https://www.nemi.gov/methods/method_summary/4665/,E31780,2025-07-15,,Practical Quantitation Limit,.4,ug/L,,STORET
21FLTLHR_WQX,FDEP TALLAHASSEE REGIONAL OPERATIONS CENTER,21FLTLHR_WQX-G2TLHR0016-07/10/25,Sample-Routine,Water,Surface Water,2025-07-10,13:50:00,EST,2025-07-10,13:50:00,EST,.3,m,,,,,,SMP,FDEP TALLAHASSEE REGIONAL OPERATIONS CENTER,21FLTLHR_WQX-G2TLHR0016,,,,,Direct Grab,21FLTLHR_WQX,Direct Grab,Water Bottle,,Ammonia-nitrogen,Total,0.024,mg/L,,Final,,Actual,,,,,,,,,,,,,350.1,USEPA,350.1 ~ EPA; Ammonia Nitrogen by Colorimetry,https://www.nemi.gov/methods/method_summary/5405/,E31780,2025-07-16,,Practical Quantitation Limit,.005,mg/L,,STORET
21FLTLHR_WQX,FDEP TALLAHASSEE REGIONAL OPERATIONS CENTER,21FLTLHR_WQX-G2TLHR0016-07/10/25,Sample-Routine,Water,Surface Water,2025-07-10,13:50:00,EST,2025-07-10,13:50:00,EST,.3,m,,,,,,SMP,FDEP TALLAHASSEE REGIONAL OPERATIONS CENTER,21FLTLHR_WQX-G2TLHR0016,,,,,Direct Grab,21FLTLHR_WQX,Direct Grab,Water Bottle,,Copper,Total,0.4,ug/L,,Final,,Actual,,,,,,**U**,,,,,,,200.8,USEPA,200.8 ~ EPA; Metals in Waters by ICP/MS,https://www.nemi.gov/methods/method_summary/4665/,E31780,2025-07-15,,Practical Quantitation Limit,.8,ug/L,,STORET
21FLTLHR_WQX,FDEP TALLAHASSEE REGIONAL OPERATIONS CENTER,21FLTLHR_WQX-G2TLHR0016-07/10/25,Sample-Routine,Water,Surface Water,2025-07-10,13:50:00,EST,2025-07-10,13:50:00,EST,.3,m,,,,,,SMP,FDEP TALLAHASSEE REGIONAL OPERATIONS CENTER,21FLTLHR_WQX-G2TLHR0016,,,,,Direct Grab,21FLTLHR_WQX,Direct Grab,Water Bottle,,Tin,Total,3,ug/L,,Final,,Actual,,,,,,**U**,,,,,,,200.7,USEPA,Metals in Water by ICP-AES,https://www.nemi.gov/methods/method_summary/4690/,E31780,2025-07-18,,Practical Quantitation Limit,12,ug/L,,STORET
21FLTLHR_WQX,FDEP TALLAHASSEE REGIONAL OPERATIONS CENTER,21FLTLHR_WQX-G2TLHR0016-07/10/25,Sample-Routine,Water,Surface Water,2025-07-10,13:50:00,EST,2025-07-10,13:50:00,EST,.3,m,,,,,,SMP,FDEP TALLAHASSEE REGIONAL OPERATIONS CENTER,21FLTLHR_WQX-G2TLHR0016,,,,,Direct Grab,21FLTLHR_WQX,Direct Grab,Water Bottle,,"Chlorophyll a, uncorrected for pheophytin",Total,2.7,ug/L,,Final,,Actual,,,,,,Precision data is not available for at least one component due to the small amount of analyte in the QC sample. Refer to QA report for available precision data.,,,,,,,10200-H,APHA,10200 H ~ Chlorophyll a-b-c Determination,,E31780,2025-07-22,,Practical Quantitation Limit,.92,ug/L,,STORET
21FLTLHR_WQX,FDEP TALLAHASSEE REGIONAL OPERATIONS CENTER,21FLTLHR_WQX-G2TLHR0016-07/10/25,Sample-Routine,Water,Surface Water,2025-07-10,13:50:00,EST,2025-07-10,13:50:00,EST,.3,m,,,,,,SMP,FDEP TALLAHASSEE REGIONAL OPERATIONS CENTER,21FLTLHR_WQX-G2TLHR0016,,,,,Direct Grab,21FLTLHR_WQX,Direct Grab,Water Bottle,,Sodium,Total,2.5,mg/L,,Final,,Actual,,,,,,,,,,,,,200.7,USEPA,Metals in Water by ICP-AES,https://www.nemi.gov/methods/method_summary/4690/,E31780,2025-07-18,,Practical Quantitation Limit,2,mg/L,,STORET
21FLTLHR_WQX,FDEP TALLAHASSEE REGIONAL OPERATIONS CENTER,21FLTLHR_WQX-G2TLHR0016-07/10/25,Sample-Routine,Water,Surface Water,2025-07-10,13:50:00,EST,2025-07-10,13:50:00,EST,.3,m,,,,,,SMP,FDEP TALLAHASSEE REGIONAL OPERATIONS CENTER,21FLTLHR_WQX-G2TLHR0016,,,,,Direct Grab,21FLTLHR_WQX,Direct Grab,Water Bottle,,Boron,Total,10.5,ug/L,,Final,,Actual,,,,,,,,,,,,,200.8,USEPA,200.8 ~ EPA; Metals in Waters by ICP/MS,https://www.nemi.gov/methods/method_summary/4665/,E31780,2025-07-15,,Practical Quantitation Limit,8,ug/L,,STORET
21FLTLHR_WQX,FDEP TALLAHASSEE REGIONAL OPERATIONS CENTER,21FLTLHR_WQX-G2TLHR0016-07/10/25,Sample-Routine,Water,Surface Water,2025-07-10,13:50:00,EST,2025-07-10,13:50:00,EST,.3,m,,,,,,SMP,FDEP TALLAHASSEE REGIONAL OPERATIONS CENTER,21FLTLHR_WQX-G2TLHR0016,,,,,Direct Grab,21FLTLHR_WQX,Direct Grab,Water Bottle,,Fluoride,Total,0.042,mg/L,,Final,,Actual,,,,,,**I**,,,,,,,4500-F-C,APHA,4500 F C ~ Fluoride in Water Using an ISE,https://www.nemi.gov/methods/method_summary/5709/,E31780,2025-07-15,,Practical Quantitation Limit,.1,mg/L,,STORET
21FLTLHR_WQX,FDEP TALLAHASSEE REGIONAL OPERATIONS CENTER,21FLTLHR_WQX-G2TLHR0016-07/10/25,Sample-Routine,Water,Surface Water,2025-07-10,13:50:00,EST,2025-07-10,13:50:00,EST,.3,m,,,,,,SMP,FDEP TALLAHASSEE REGIONAL OPERATIONS CENTER,21FLTLHR_WQX-G2TLHR0016,,,,,Direct Grab,21FLTLHR_WQX,Direct Grab,Water Bottle,,Lead,Total,0.49,ug/L,,Final,,Actual,,,,,,,,,,,,,200.8,USEPA,200.8 ~ EPA; Metals in Waters by ICP/MS,https://www.nemi.gov/methods/method_summary/4665/,E31780,2025-07-15,,Practical Quantitation Limit,.4,ug/L,,STORET
21FLTLHR_WQX,FDEP TALLAHASSEE REGIONAL OPERATIONS CENTER,21FLTLHR_WQX-G2TLHR0016-07/10/25,Sample-Routine,Water,Surface Water,2025-07-10,13:50:00,EST,2025-07-10,13:50:00,EST,.3,m,,,,,,SMP,FDEP TALLAHASSEE REGIONAL OPERATIONS CENTER,21FLTLHR_WQX-G2TLHR0016,,,,,Direct Grab,21FLTLHR_WQX,Direct Grab,Water Bottle,,Pheophytin a,Total,0.71,ug/L,,Final,,Actual,,,,,,**I**Precision data is not available for at least one component due to the small amount of analyte in the QC sample. Refer to QA report for available precision data.,,,,,,,10200-H,APHA,10200 H ~ Chlorophyll a-b-c Determination,,E31780,2025-07-22,,Practical Quantitation Limit,1.9,ug/L,,STORET
21FLTLHR_WQX,FDEP TALLAHASSEE REGIONAL OPERATIONS CENTER,21FLTLHR_WQX-G2TLHR0016-07/10/25-FP1,Field Msr/Obs,Water,Surface Water,2025-07-10,13:50:00,EST,2025-07-10,13:50:00,EST,.3,m,,,,,,SMP,FDEP TALLAHASSEE REGIONAL OPERATIONS CENTER,21FLTLHR_WQX-G2TLHR0016,,,,,Field Test-Discrete,21FLTLHR_WQX,Field Testing- Discrete,Miscellaneous (Other),,pH,,8.1,None,,Final,,Actual,,,,,,,,,,,,,FDEP FT1100,21FLTLHR_WQX,FDEP FT1100,,,,,,,,,STORET
21FLTLHR_WQX,FDEP TALLAHASSEE REGIONAL OPERATIONS CENTER,21FLTLHR_WQX-G2TLHR0016-07/10/25-FP1,Field Msr/Obs,Water,Surface Water,2025-07-10,13:50:00,EST,2025-07-10,13:50:00,EST,.3,m,,,,,,SMP,FDEP TALLAHASSEE REGIONAL OPERATIONS CENTER,21FLTLHR_WQX-G2TLHR0016,,,,,Field Test-Discrete,21FLTLHR_WQX,Field Testing- Discrete,Miscellaneous (Other),,Dissolved oxygen saturation,,123.6,%,,Final,,Actual,,,,,,,,,,,,,FDEP FT1500,21FLTLHR_WQX,FDEP FT1500,,,,,,,,,STORET
21FLTLHR_WQX,FDEP TALLAHASSEE REGIONAL OPERATIONS CENTER,21FLTLHR_WQX-G2TLHR0016-07/10/25-FP1,Field Msr/Obs,Water,Surface Water,2025-07-10,13:50:00,EST,2025-07-10,13:50:00,EST,.3,m,,,,,,SMP,FDEP TALLAHASSEE REGIONAL OPERATIONS CENTER,21FLTLHR_WQX-G2TLHR0016,,,,,Field Test-Discrete,21FLTLHR_WQX,Field Testing- Discrete,Miscellaneous (Other),,Dissolved oxygen (DO),,9.52,mg/L,,Final,,Actual,,,,,,,,,,,,,FDEP FT1500,21FLTLHR_WQX,FDEP FT1500,,,,,,,,,STORET
21FLTLHR_WQX,FDEP TALLAHASSEE REGIONAL OPERATIONS CENTER,21FLTLHR_WQX-G2TLHR0016-07/10/25,Sample-Routine,Water,Surface Water,2025-07-10,13:50:00,EST,2025-07-10,13:50:00,EST,.3,m,,,,,,SMP,FDEP TALLAHASSEE REGIONAL OPERATIONS CENTER,21FLTLHR_WQX-G2TLHR0016,,,,,Direct Grab,21FLTLHR_WQX,Direct Grab,Water Bottle,,Sulfate,Total,1.5,mg/L,,Final,,Actual,,,,,,,,,,,,,300.0,USEPA,300.0 ~ EPA; Determination of Inorganic Anions by Ion Chromatography,https://www.nemi.gov/methods/method_summary/4680/,E31780,2025-07-25,,Practical Quantitation Limit,.5,mg/L,,STORET
21FLTLHR_WQX,FDEP TALLAHASSEE REGIONAL OPERATIONS CENTER,21FLTLHR_WQX-G2TLHR0016-07/10/25,Sample-Routine,Water,Surface Water,2025-07-10,13:50:00,EST,2025-07-10,13:50:00,EST,.3,m,,,,,,SMP,FDEP TALLAHASSEE REGIONAL OPERATIONS CENTER,21FLTLHR_WQX-G2TLHR0016,,,,,Direct Grab,21FLTLHR_WQX,Direct Grab,Water Bottle,,Aluminum,Total,59,ug/L,,Final,,Actual,,,,,,,,,,,,,200.8,USEPA,200.8 ~ EPA; Metals in Waters by ICP/MS,https://www.nemi.gov/methods/method_summary/4665/,E31780,2025-07-15,,Practical Quantitation Limit,20,ug/L,,STORET
21FLTLHR_WQX,FDEP TALLAHASSEE REGIONAL OPERATIONS CENTER,21FLTLHR_WQX-G2TLHR0016-07/10/25,Sample-Routine,Water,Surface Water,2025-07-10,13:50:00,EST,2025-07-10,13:50:00,EST,.3,m,,,,,,SMP,FDEP TALLAHASSEE REGIONAL OPERATIONS CENTER,21FLTLHR_WQX-G2TLHR0016,,,,,Direct Grab,21FLTLHR_WQX,Direct Grab,Water Bottle,,Total hardness,Total,150,mg/L,,Final,,Actual,,,,,,,,,,,,,2340B,APHA,2340 B ~ Hardness by Calculation,https://www.nemi.gov/methods/method_summary/4679/,E31780,2025-07-18,,Practical Quantitation Limit,1.4,mg/L,,STORET
21FLTLHR_WQX,FDEP TALLAHASSEE REGIONAL OPERATIONS CENTER,21FLTLHR_WQX-G2TLHR0016-07/10/25,Sample-Routine,Water,Surface Water,2025-07-10,13:50:00,EST,2025-07-10,13:50:00,EST,.3,m,,,,,,SMP,FDEP TALLAHASSEE REGIONAL OPERATIONS CENTER,21FLTLHR_WQX-G2TLHR0016,,,,,Direct Grab,21FLTLHR_WQX,Direct Grab,Water Bottle,,Arsenic,Total,0.5,ug/L,,Final,,Actual,,,,,,,,,,,,,200.8,USEPA,200.8 ~ EPA; Metals in Waters by ICP/MS,https://www.nemi.gov/methods/method_summary/4665/,E31780,2025-07-15,,Practical Quantitation Limit,.2,ug/L,,STORET
21FLTLHR_WQX,FDEP TALLAHASSEE REGIONAL OPERATIONS CENTER,21FLTLHR_WQX-G2TLHR0016-07/10/25-FP1,Field Msr/Obs,Water,Surface Water,2025-07-10,13:50:00,EST,2025-07-10,13:50:00,EST,.3,m,,,,,,SMP,FDEP TALLAHASSEE REGIONAL OPERATIONS CENTER,21FLTLHR_WQX-G2TLHR0016,,,,,Field Test-Discrete,21FLTLHR_WQX,Field Testing- Discrete,Miscellaneous (Other),,Specific conductance,,266.5,umho/cm,,Final,,Actual,,,,,,,,,,,,,FDEP FT1200,21FLTLHR_WQX,FDEP FT1200,,,,,,,,,STORET
21FLTLHR_WQX,FDEP TALLAHASSEE REGIONAL OPERATIONS CENTER,21FLTLHR_WQX-G2TLHR0016-07/10/25,Sample-Routine,Water,Surface Water,2025-07-10,13:50:00,EST,2025-07-10,13:50:00,EST,.3,m,,,,,,SMP,FDEP TALLAHASSEE REGIONAL OPERATIONS CENTER,21FLTLHR_WQX-G2TLHR0016,,,,,Direct Grab,21FLTLHR_WQX,Direct Grab,Water Bottle,,Molybdenum,Total,0.15,ug/L,,Final,,Actual,,,,,,**U**,,,,,,,200.8,USEPA,200.8 ~ EPA; Metals in Waters by ICP/MS,https://www.nemi.gov/methods/method_summary/4665/,E31780,2025-07-15,,Practical Quantitation Limit,.6,ug/L,,STORET
21FLTLHR_WQX,FDEP TALLAHASSEE REGIONAL OPERATIONS CENTER,21FLTLHR_WQX-G2TLHR0016-07/10/25,Sample-Routine,Water,Surface Water,2025-07-10,13:50:00,EST,2025-07-10,13:50:00,EST,.3,m,,,,,,SMP,FDEP TALLAHASSEE REGIONAL OPERATIONS CENTER,21FLTLHR_WQX-G2TLHR0016,,,,,Direct Grab,21FLTLHR_WQX,Direct Grab,Water Bottle,,Cadmium,Total,0.043,ug/L,,Final,,Actual,,,,,,**I**,,,,,,,200.8,USEPA,200.8 ~ EPA; Metals in Waters by ICP/MS,https://www.nemi.gov/methods/method_summary/4665/,E31780,2025-07-15,,Practical Quantitation Limit,.08,ug/L,,STORET
21FLTLHR_WQX,FDEP TALLAHASSEE REGIONAL OPERATIONS CENTER,21FLTLHR_WQX-G2TLHR0016-07/10/25,Sample-Routine,Water,Surface Water,2025-07-10,13:50:00,EST,2025-07-10,13:50:00,EST,.3,m,,,,,,SMP,FDEP TALLAHASSEE REGIONAL OPERATIONS CENTER,21FLTLHR_WQX-G2TLHR0016,,,,,Direct Grab,21FLTLHR_WQX,Direct Grab,Water Bottle,,Chloride,Total,5.8,mg/L,,Final,,Actual,,,,,,,,,,,,,300.0,USEPA,300.0 ~ EPA; Determination of Inorganic Anions by Ion Chromatography,https://www.nemi.gov/methods/method_summary/4680/,E31780,2025-07-25,,Practical Quantitation Limit,.5,mg/L,,STORET
21FLTLHR_WQX,FDEP TALLAHASSEE REGIONAL OPERATIONS CENTER,21FLTLHR_WQX-G2TLHR0016-07/10/25,Sample-Routine,Water,Surface Water,2025-07-10,13:50:00,EST,2025-07-10,13:50:00,EST,.3,m,,,,,,SMP,FDEP TALLAHASSEE REGIONAL OPERATIONS CENTER,21FLTLHR_WQX-G2TLHR0016,,,,,Direct Grab,21FLTLHR_WQX,Direct Grab,Water Bottle,,Organic carbon,Total,1.6,mg/L,,Final,,Actual,,,,,,,,,,,,,5310-B,APHA,5310 B ~ Total Organic Carbon by Combustion-Infrared Method,https://www.nemi.gov/methods/method_summary/5717/,E31780,2025-07-16,,Practical Quantitation Limit,1,mg/L,,STORET
21FLTLHR_WQX,FDEP TALLAHASSEE REGIONAL OPERATIONS CENTER,21FLTLHR_WQX-G2TLHR0016-07/10/25,Sample-Routine,Water,Surface Water,2025-07-10,13:50:00,EST,2025-07-10,13:50:00,EST,.3,m,,,,,,SMP,FDEP TALLAHASSEE REGIONAL OPERATIONS CENTER,21FLTLHR_WQX-G2TLHR0016,,,,,Direct Grab,21FLTLHR_WQX,Direct Grab,Water Bottle,,"Chlorophyll a, corrected for pheophytin",Total,2.2,ug/L,,Final,,Actual,,,,,,Precision data is not available for at least one component due to the small amount of analyte in the QC sample. Refer to QA report for available precision data.,,,,,,,10200-H,APHA,10200 H ~ Chlorophyll a-b-c Determination,,E31780,2025-07-22,,Practical Quantitation Limit,1.5,ug/L,,STORET
21FLTLHR_WQX,FDEP TALLAHASSEE REGIONAL OPERATIONS CENTER,21FLTLHR_WQX-G2TLHR0016-07/10/25,Sample-Routine,Water,Surface Water,2025-07-10,13:50:00,EST,2025-07-10,13:50:00,EST,.3,m,,,,,,SMP,FDEP TALLAHASSEE REGIONAL OPERATIONS CENTER,21FLTLHR_WQX-G2TLHR0016,,,,,Direct Grab,21FLTLHR_WQX,Direct Grab,Water Bottle,,Titanium,Total,0.75,ug/L,,Final,,Actual,,,,,,**U**,,,,,,,200.7,USEPA,Metals in Water by ICP-AES,https://www.nemi.gov/methods/method_summary/4690/,E31780,2025-07-18,,Practical Quantitation Limit,3,ug/L,,STORET
21FLTLHR_WQX,FDEP TALLAHASSEE REGIONAL OPERATIONS CENTER,21FLTLHR_WQX-G2TLHR0016-07/10/25,Sample-Routine,Water,Surface Water,2025-07-10,13:50:00,EST,2025-07-10,13:50:00,EST,.3,m,,,,,,SMP,FDEP TALLAHASSEE REGIONAL OPERATIONS CENTER,21FLTLHR_WQX-G2TLHR0016,,,,,Direct Grab,21FLTLHR_WQX,Direct Grab,Water Bottle,,Magnesium,Total,3.3,mg/L,,Final,,Actual,,,,,,,,,,,,,200.7,USEPA,Metals in Water by ICP-AES,https://www.nemi.gov/methods/method_summary/4690/,E31780,2025-07-18,,Practical Quantitation Limit,.16,mg/L,,STORET
21FLTLHR_WQX,FDEP TALLAHASSEE REGIONAL OPERATIONS CENTER,21FLTLHR_WQX-G2TLHR0016-07/10/25,Sample-Routine,Water,Surface Water,2025-07-10,13:50:00,EST,2025-07-10,13:50:00,EST,.3,m,,,,,,SMP,FDEP TALLAHASSEE REGIONAL OPERATIONS CENTER,21FLTLHR_WQX-G2TLHR0016,,,,,Direct Grab,21FLTLHR_WQX,Direct Grab,Water Bottle,,Beryllium,Total,0.034,ug/L,,Final,,Actual,,,,,,**I**,,,,,,,200.8,USEPA,200.8 ~ EPA; Metals in Waters by ICP/MS,https://www.nemi.gov/methods/method_summary/4665/,E31780,2025-07-15,,Practical Quantitation Limit,.04,ug/L,,STORET
21FLTLHR_WQX,FDEP TALLAHASSEE REGIONAL OPERATIONS CENTER,21FLTLHR_WQX-G2TLHR0016-07/10/25,Sample-Routine,Water,Surface Water,2025-07-10,13:50:00,EST,2025-07-10,13:50:00,EST,.3,m,,,,,,SMP,FDEP TALLAHASSEE REGIONAL OPERATIONS CENTER,21FLTLHR_WQX-G2TLHR0016,,,,,Direct Grab,21FLTLHR_WQX,Direct Grab,Water Bottle,,Calcium,Total,54.7,mg/L,,Final,,Actual,,,,,,,,,,,,,200.7,USEPA,Metals in Water by ICP-AES,https://www.nemi.gov/methods/method_summary/4690/,E31780,2025-07-18,,Practical Quantitation Limit,.3,mg/L,,STORET
21FLTLHR_WQX,FDEP TALLAHASSEE REGIONAL OPERATIONS CENTER,21FLTLHR_WQX-G2TLHR0016-07/10/25,Sample-Routine,Water,Surface Water,2025-07-10,13:50:00,EST,2025-07-10,13:50:00,EST,.3,m,,,,,,SMP,FDEP TALLAHASSEE REGIONAL OPERATIONS CENTER,21FLTLHR_WQX-G2TLHR0016,,,,,Direct Grab,21FLTLHR_WQX,Direct Grab,Water Bottle,,Zinc,Total,5,ug/L,,Final,,Actual,,,,,,**U**,,,,,,,200.7,USEPA,Metals in Water by ICP-AES,https://www.nemi.gov/methods/method_summary/4690/,E31780,2025-07-21,,Practical Quantitation Limit,20,ug/L,,STORET
21FLTLHR_WQX,FDEP TALLAHASSEE REGIONAL OPERATIONS CENTER,21FLTLHR_WQX-G2TLHR0016-07/10/25,Sample-Routine,Water,Surface Water,2025-07-10,13:50:00,EST,2025-07-10,13:50:00,EST,.3,m,,,,,,SMP,FDEP TALLAHASSEE REGIONAL OPERATIONS CENTER,21FLTLHR_WQX-G2TLHR0016,,,,,Direct Grab,21FLTLHR_WQX,Direct Grab,Water Bottle,,Potassium,Total,0.67,mg/L,,Final,,Actual,,,,,,**I**,,,,,,,200.7,USEPA,Metals in Water by ICP-AES,https://www.nemi.gov/methods/method_summary/4690/,E31780,2025-07-18,,Practical Quantitation Limit,1.2,mg/L,,STORET
21FLTLHR_WQX,FDEP TALLAHASSEE REGIONAL OPERATIONS CENTER,21FLTLHR_WQX-G2TLHR0016-07/10/25,Sample-Routine,Water,Surface Water,2025-07-10,13:50:00,EST,2025-07-10,13:50:00,EST,.3,m,,,,,,SMP,FDEP TALLAHASSEE REGIONAL OPERATIONS CENTER,21FLTLHR_WQX-G2TLHR0016,,,,,Direct Grab,21FLTLHR_WQX,Direct Grab,Water Bottle,,Chromium,Total,0.82,ug/L,,Final,,Actual,,,,,,**I**,,,,,,,200.8,USEPA,200.8 ~ EPA; Metals in Waters by ICP/MS,https://www.nemi.gov/methods/method_summary/4665/,E31780,2025-07-15,,Practical Quantitation Limit,1.6,ug/L,,STORET
21FLTLHR_WQX,FDEP TALLAHASSEE REGIONAL OPERATIONS CENTER,21FLTLHR_WQX-G2TLHR0016-07/10/25,Sample-Routine,Water,Surface Water,2025-07-10,13:50:00,EST,2025-07-10,13:50:00,EST,.3,m,,,,,,SMP,FDEP TALLAHASSEE REGIONAL OPERATIONS CENTER,21FLTLHR_WQX-G2TLHR0016,,,,,Direct Grab,21FLTLHR_WQX,Direct Grab,Water Bottle,,Thallium,Total,0.1,ug/L,,Final,,Actual,,,,,,**U**,,,,,,,200.8,USEPA,200.8 ~ EPA; Metals in Waters by ICP/MS,https://www.nemi.gov/methods/method_summary/4665/,E31780,2025-07-15,,Practical Quantitation Limit,.4,ug/L,,STORET
21FLTLHR_WQX,FDEP TALLAHASSEE REGIONAL OPERATIONS CENTER,21FLTLHR_WQX-G2TLHR0016-07/10/25,Sample-Routine,Water,Surface Water,2025-07-10,13:50:00,EST,2025-07-10,13:50:00,EST,.3,m,,,,,,SMP,FDEP TALLAHASSEE REGIONAL OPERATIONS CENTER,21FLTLHR_WQX-G2TLHR0016,,,,,Direct Grab,21FLTLHR_WQX,Direct Grab,Water Bottle,,True color,,4.7,PCU,,Final,,Actual,,,,,,**I**,,,,,,,110.2,USEPA,Color Analysis Using Platinum/Cobalt,https://www.nemi.gov/methods/method_summary/5208/,E31780,2025-07-11,,Practical Quantitation Limit,6,PCU,,STORET
21FLTLHR_WQX,FDEP TALLAHASSEE REGIONAL OPERATIONS CENTER,21FLTLHR_WQX-G2TLHR0016-07/10/25,Sample-Routine,Water,Surface Water,2025-07-10,13:50:00,EST,2025-07-10,13:50:00,EST,.3,m,,,,,,SMP,FDEP TALLAHASSEE REGIONAL OPERATIONS CENTER,21FLTLHR_WQX-G2TLHR0016,,,,,Direct Grab,21FLTLHR_WQX,Direct Grab,Water Bottle,,Nitrate + Nitrite,Total,2.2,mg/L,,Final,,Actual,,,,,,,,,,,,,353.2,USEPA,Nitrate-Nitrite Nitrogen by Colorimetry,https://www.nemi.gov/methods/method_summary/4702/,E31780,2025-07-15,,Practical Quantitation Limit,.1,mg/L,,STORET
21FLTLHR_WQX,FDEP TALLAHASSEE REGIONAL OPERATIONS CENTER,21FLTLHR_WQX-G2TLHR0016-07/10/25,Sample-Routine,Water,Surface Water,2025-07-10,13:50:00,EST,2025-07-10,13:50:00,EST,.3,m,,,,,,SMP,FDEP TALLAHASSEE REGIONAL OPERATIONS CENTER,21FLTLHR_WQX-G2TLHR0016,,,,,Direct Grab,21FLTLHR_WQX,Direct Grab,Water Bottle,,Cobalt,Total,0.124,ug/L,,Final,,Actual,,,,,,,,,,,,,200.8,USEPA,200.8 ~ EPA; Metals in Waters by ICP/MS,https://www.nemi.gov/methods/method_summary/4665/,E31780,2025-07-15,,Practical Quantitation Limit,.08,ug/L,,STORET
21FLTLHR_WQX,FDEP TALLAHASSEE REGIONAL OPERATIONS CENTER,21FLTLHR_WQX-G2TLHR0016-07/10/25,Sample-Routine,Water,Surface Water,2025-07-10,13:50:00,EST,2025-07-10,13:50:00,EST,.3,m,,,,,,SMP,FDEP TALLAHASSEE REGIONAL OPERATIONS CENTER,21FLTLHR_WQX-G2TLHR0016,,,,,Direct Grab,21FLTLHR_WQX,Direct Grab,Water Bottle,,Vanadium,Total,2,ug/L,,Final,,Actual,,,,,,**U**,,,,,,,200.7,USEPA,Metals in Water by ICP-AES,https://www.nemi.gov/methods/method_summary/4690/,E31780,2025-07-21,,Practical Quantitation Limit,8,ug/L,,STORET
21FLTLHR_WQX,FDEP TALLAHASSEE REGIONAL OPERATIONS CENTER,21FLTLHR_WQX-G2TLHR0016-07/10/25-FP1,Field Msr/Obs,Water,Surface Water,2025-07-10,13:50:00,EST,2025-07-10,13:50:00,EST,.3,m,,,,,,SMP,FDEP TALLAHASSEE REGIONAL OPERATIONS CENTER,21FLTLHR_WQX-G2TLHR0016,,,,,Field Test-Discrete,21FLTLHR_WQX,Field Testing- Discrete,Miscellaneous (Other),,"Depth, Secchi disk depth",,0.8,m,,Final,,Actual,,,,,,**S**,,,,,,,FDEP FT1700,21FLTLHR_WQX,FDEP FT1700,,,,,,,,,STORET
21FLTLHR_WQX,FDEP TALLAHASSEE REGIONAL OPERATIONS CENTER,21FLTLHR_WQX-G2TLHR0016-07/10/25-FP1,Field Msr/Obs,Water,Surface Water,2025-07-10,13:50:00,EST,2025-07-10,13:50:00,EST,.3,m,,,,,,SMP,FDEP TALLAHASSEE REGIONAL OPERATIONS CENTER,21FLTLHR_WQX-G2TLHR0016,,,,,Field Test-Discrete,21FLTLHR_WQX,Field Testing- Discrete,Miscellaneous (Other),,"Temperature, water",,28.9,deg C,,Final,,Actual,,,,,,,,,,,,,FDEP FT1400,21FLTLHR_WQX,FDEP FT1400,,,,,,,,,STORET
21FLTLHR_WQX,FDEP TALLAHASSEE REGIONAL OPERATIONS CENTER,21FLTLHR_WQX-G2TLHR0016-07/10/25,Sample-Routine,Water,Surface Water,2025-07-10,13:50:00,EST,2025-07-10,13:50:00,EST,.3,m,,,,,,SMP,FDEP TALLAHASSEE REGIONAL OPERATIONS CENTER,21FLTLHR_WQX-G2TLHR0016,,,,,Direct Grab,21FLTLHR_WQX,Direct Grab,Water Bottle,,Total Kjeldahl nitrogen (Organic N & NH3),Total,0.29,mg/L,,Final,,Actual,,,,,,,,,,,,,351.2,USEPA,351.2 ~ EPA; Total Kjeldahl Nitrogen by Colorimetry,https://www.nemi.gov/methods/method_summary/9626/,E31780,2025-07-18,,Practical Quantitation Limit,.2,mg/L,,STORET
21FLTLHR_WQX,FDEP TALLAHASSEE REGIONAL OPERATIONS CENTER,21FLTLHR_WQX-G2TLHR0016-07/10/25,Sample-Routine,Water,Surface Water,2025-07-10,13:50:00,EST,2025-07-10,13:50:00,EST,.3,m,,,,,,SMP,FDEP TALLAHASSEE REGIONAL OPERATIONS CENTER,21FLTLHR_WQX-G2TLHR0016,,,,,Direct Grab,21FLTLHR_WQX,Direct Grab,Water Bottle,,"Alkalinity, total",Total,112,mg/L,,Final,,Actual,,,,,,,,,,,,,2320-B,APHA,2320 B ~ Alkalinity by Gran Titration,https://www.nemi.gov/methods/method_summary/9694/,E31780,2025-07-15,,Practical Quantitation Limit,2.5,mg/L,,STORET
21FLTLHR_WQX,FDEP TALLAHASSEE REGIONAL OPERATIONS CENTER,21FLTLHR_WQX-G2TLHR0016-07/10/25,Sample-Routine,Water,Surface Water,2025-07-10,13:50:00,EST,2025-07-10,13:50:00,EST,.3,m,,,,,,SMP,FDEP TALLAHASSEE REGIONAL OPERATIONS CENTER,21FLTLHR_WQX-G2TLHR0016,,,,,Direct Grab,21FLTLHR_WQX,Direct Grab,Water Bottle,,Escherichia coli,Total,8.6,MPN/100mL,,Final,,Actual,,,,,,Precision data is unavailable for E. coli due to the small amount of analyte in the QC sample for the batch.,,,,,,,9223-B,APHA,9223 B ~ Enzyme substrate assay for measuring total coliforms and E. coli (ONPG-MUG test or CPRG-MUG test),https://www.nemi.gov/methods/method_summary/5583/,E31780,2025-07-11,,Practical Quantitation Limit,1,MPN/100mL,,STORET
21FLTLHR_WQX,FDEP TALLAHASSEE REGIONAL OPERATIONS CENTER,21FLTLHR_WQX-G2TLHR0016-07/10/25,Sample-Routine,Water,Surface Water,2025-07-10,13:50:00,EST,2025-07-10,13:50:00,EST,.3,m,,,,,,SMP,FDEP TALLAHASSEE REGIONAL OPERATIONS CENTER,21FLTLHR_WQX-G2TLHR0016,,,,,Direct Grab,21FLTLHR_WQX,Direct Grab,Water Bottle,,Antimony,Total,0.05,ug/L,,Final,,Actual,,,,,,**U**,,,,,,,200.8,USEPA,200.8 ~ EPA; Metals in Waters by ICP/MS,https://www.nemi.gov/methods/method_summary/4665/,E31780,2025-07-15,,Practical Quantitation Limit,.2,ug/L,,STORET