OrganizationIdentifier,OrganizationFormalName,ActivityIdentifier,ActivityTypeCode,ActivityMediaName,ActivityMediaSubdivisionName,ActivityStartDate,ActivityStartTime/Time,ActivityStartTime/TimeZoneCode,ActivityEndDate,ActivityEndTime/Time,ActivityEndTime/TimeZoneCode,ActivityDepthHeightMeasure/MeasureValue,ActivityDepthHeightMeasure/MeasureUnitCode,ActivityDepthAltitudeReferencePointText,ActivityTopDepthHeightMeasure/MeasureValue,ActivityTopDepthHeightMeasure/MeasureUnitCode,ActivityBottomDepthHeightMeasure/MeasureValue,ActivityBottomDepthHeightMeasure/MeasureUnitCode,ProjectIdentifier,ActivityConductingOrganizationText,MonitoringLocationIdentifier,ActivityCommentText,SampleAquifer,HydrologicCondition,HydrologicEvent,SampleCollectionMethod/MethodIdentifier,SampleCollectionMethod/MethodIdentifierContext,SampleCollectionMethod/MethodName,SampleCollectionEquipmentName,ResultDetectionConditionText,CharacteristicName,ResultSampleFractionText,ResultMeasureValue,ResultMeasure/MeasureUnitCode,MeasureQualifierCode,ResultStatusIdentifier,StatisticalBaseCode,ResultValueTypeName,ResultWeightBasisText,ResultTimeBasisText,ResultTemperatureBasisText,ResultParticleSizeBasisText,PrecisionValue,ResultCommentText,USGSPCode,ResultDepthHeightMeasure/MeasureValue,ResultDepthHeightMeasure/MeasureUnitCode,ResultDepthAltitudeReferencePointText,SubjectTaxonomicName,SampleTissueAnatomyName,ResultAnalyticalMethod/MethodIdentifier,ResultAnalyticalMethod/MethodIdentifierContext,ResultAnalyticalMethod/MethodName,MethodDescriptionText,LaboratoryName,AnalysisStartDate,ResultLaboratoryCommentText,DetectionQuantitationLimitTypeName,DetectionQuantitationLimitMeasure/MeasureValue,DetectionQuantitationLimitMeasure/MeasureUnitCode,PreparationStartDate,ProviderName
21FLWQSP_WQX,"FDEP, Water Quality Standards and Special Projects (Florida)",21FLWQSP_WQX-CHIPOLA REF-10/25/23,Sample-Routine,Water,Surface Water,2023-10-25,10:40:00,EST,2023-10-25,10:40:00,EST,.1,m,,,,,,SCIREF,FDEP WATER QUALITY STANDARDS PROGRAM,21FLWQSP_WQX-31020012,,,,,Direct Grab,21FLWQSP_WQX,Direct Grab,Water Bottle,,Pendimethalin,Total,1.8,ng/L,,Final,,Actual,,,,,,**U**MS accuracy for some parameters not assessed due to high content of these parameters in the sample spiked.  Refer to the Lab Analysis Report for an explanation of QC Codes.,,,,,,,EPA 8270,21FLWQSP_WQX,EPA 8270,,E31780,2023-11-02,,Practical Quantitation Limit,9.2,ng/L,,STORET
21FLWQSP_WQX,"FDEP, Water Quality Standards and Special Projects (Florida)",21FLWQSP_WQX-CHIPOLA REF-10/25/23,Sample-Routine,Water,Surface Water,2023-10-25,10:40:00,EST,2023-10-25,10:40:00,EST,.1,m,,,,,,SCIREF,FDEP WATER QUALITY STANDARDS PROGRAM,21FLWQSP_WQX-31020012,,,,,Direct Grab,21FLWQSP_WQX,Direct Grab,Water Bottle,,Silver,Total,0.01,ug/L,,Final,,Actual,,,,,,**U**,,,,,,,200.8,USEPA,200.8 ~ EPA; Metals in Waters by ICP/MS,https://www.nemi.gov/methods/method_summary/4665/,E31780,2023-11-01,,Practical Quantitation Limit,.04,ug/L,,STORET
21FLWQSP_WQX,"FDEP, Water Quality Standards and Special Projects (Florida)",21FLWQSP_WQX-CHIPOLA REF-10/25/23,Sample-Routine,Water,Surface Water,2023-10-25,10:40:00,EST,2023-10-25,10:40:00,EST,.1,m,,,,,,SCIREF,FDEP WATER QUALITY STANDARDS PROGRAM,21FLWQSP_WQX-31020012,,,,,Direct Grab,21FLWQSP_WQX,Direct Grab,Water Bottle,,Linuron,Total,0.004,ug/L,,Final,,Actual,,,,,,**U**,,,,,,,8321,USEPA,Non-Volatile Compounds by HPLC,,E31780,2023-10-31,,Practical Quantitation Limit,.016,ug/L,,STORET
21FLWQSP_WQX,"FDEP, Water Quality Standards and Special Projects (Florida)",21FLWQSP_WQX-CHIPOLA REF-10/25/23,Sample-Routine,Water,Surface Water,2023-10-25,10:40:00,EST,2023-10-25,10:40:00,EST,.1,m,,,,,,SCIREF,FDEP WATER QUALITY STANDARDS PROGRAM,21FLWQSP_WQX-31020012,,,,,Direct Grab,21FLWQSP_WQX,Direct Grab,Water Bottle,,Simazine,Total,0.27,ng/L,,Final,,Actual,,,,,,**U**MS accuracy for some parameters not assessed due to high content of these parameters in the sample spiked.  Refer to the Lab Analysis Report for an explanation of QC Codes.,,,,,,,EPA 8270,21FLWQSP_WQX,EPA 8270,,E31780,2023-11-02,,Practical Quantitation Limit,1.3,ng/L,,STORET
21FLWQSP_WQX,"FDEP, Water Quality Standards and Special Projects (Florida)",21FLWQSP_WQX-CHIPOLA REF-10/25/23,Sample-Routine,Water,Surface Water,2023-10-25,10:40:00,EST,2023-10-25,10:40:00,EST,.1,m,,,,,,SCIREF,FDEP WATER QUALITY STANDARDS PROGRAM,21FLWQSP_WQX-31020012,,,,,Direct Grab,21FLWQSP_WQX,Direct Grab,Water Bottle,,Metribuzin,Total,0.43,ng/L,,Final,,Actual,,,,,,**U**MS accuracy for some parameters not assessed due to high content of these parameters in the sample spiked.  Refer to the Lab Analysis Report for an explanation of QC Codes.,,,,,,,EPA 8270,21FLWQSP_WQX,EPA 8270,,E31780,2023-11-02,,Practical Quantitation Limit,2.2,ng/L,,STORET
21FLWQSP_WQX,"FDEP, Water Quality Standards and Special Projects (Florida)",21FLWQSP_WQX-CHIPOLA REF-10/25/23,Sample-Routine,Water,Surface Water,2023-10-25,10:40:00,EST,2023-10-25,10:40:00,EST,.1,m,,,,,,SCIREF,FDEP WATER QUALITY STANDARDS PROGRAM,21FLWQSP_WQX-31020012,,,,,Direct Grab,21FLWQSP_WQX,Direct Grab,Water Bottle,,Hydrocodone,Total,0.002,ug/L,,Final,,Actual,,,,,,**U**,,,,,,,8321,USEPA,Non-Volatile Compounds by HPLC,,E31780,2023-10-31,,Practical Quantitation Limit,.008,ug/L,,STORET
21FLWQSP_WQX,"FDEP, Water Quality Standards and Special Projects (Florida)",21FLWQSP_WQX-CHIPOLA REF-10/25/23,Sample-Routine,Water,Surface Water,2023-10-25,10:40:00,EST,2023-10-25,10:40:00,EST,.1,m,,,,,,SCIREF,FDEP WATER QUALITY STANDARDS PROGRAM,21FLWQSP_WQX-31020012,,,,,Direct Grab,21FLWQSP_WQX,Direct Grab,Water Bottle,,Demeton,Total,3.8,ng/L,,Final,,Actual,,,,,,**U**MS accuracy for some parameters not assessed due to high content of these parameters in the sample spiked.  Refer to the Lab Analysis Report for an explanation of QC Codes.,,,,,,,EPA 8270,21FLWQSP_WQX,EPA 8270,,E31780,2023-11-02,,Practical Quantitation Limit,19,ng/L,,STORET
21FLWQSP_WQX,"FDEP, Water Quality Standards and Special Projects (Florida)",21FLWQSP_WQX-CHIPOLA REF-10/25/23,Sample-Routine,Water,Surface Water,2023-10-25,10:40:00,EST,2023-10-25,10:40:00,EST,.1,m,,,,,,SCIREF,FDEP WATER QUALITY STANDARDS PROGRAM,21FLWQSP_WQX-31020012,,,,,Direct Grab,21FLWQSP_WQX,Direct Grab,Water Bottle,,Imazalil,Total,0.7,ng/L,,Final,,Actual,,,,,,**U**MS accuracy for some parameters not assessed due to high content of these parameters in the sample spiked.  Refer to the Lab Analysis Report for an explanation of QC Codes.,,,,,,,EPA 8270,21FLWQSP_WQX,EPA 8270,,E31780,2023-11-02,,Practical Quantitation Limit,3.5,ng/L,,STORET
21FLWQSP_WQX,"FDEP, Water Quality Standards and Special Projects (Florida)",21FLWQSP_WQX-CHIPOLA REF-10/25/23,Sample-Routine,Water,Surface Water,2023-10-25,10:40:00,EST,2023-10-25,10:40:00,EST,.1,m,,,,,,SCIREF,FDEP WATER QUALITY STANDARDS PROGRAM,21FLWQSP_WQX-31020012,,,,,Direct Grab,21FLWQSP_WQX,Direct Grab,Water Bottle,,Octinoxate,Total,160,ng/L,,Final,,Actual,,,,,,**U**Refer to the Lab Analysis Report for an explanation of QC Codes.,,,,,,,EPA 8270,21FLWQSP_WQX,EPA 8270,,E31780,2023-11-01,,Practical Quantitation Limit,480,ng/L,,STORET
21FLWQSP_WQX,"FDEP, Water Quality Standards and Special Projects (Florida)",21FLWQSP_WQX-CHIPOLA REF-10/25/23,Sample-Routine,Water,Surface Water,2023-10-25,10:40:00,EST,2023-10-25,10:40:00,EST,.1,m,,,,,,SCIREF,FDEP WATER QUALITY STANDARDS PROGRAM,21FLWQSP_WQX-31020012,,,,,Direct Grab,21FLWQSP_WQX,Direct Grab,Water Bottle,,Propanil,Total,0.11,ng/L,,Final,,Actual,,,,,,**U**MS accuracy for some parameters not assessed due to high content of these parameters in the sample spiked.  Refer to the Lab Analysis Report for an explanation of QC Codes.,,,,,,,EPA 8270,21FLWQSP_WQX,EPA 8270,,E31780,2023-11-02,,Practical Quantitation Limit,.54,ng/L,,STORET
21FLWQSP_WQX,"FDEP, Water Quality Standards and Special Projects (Florida)",21FLWQSP_WQX-CHIPOLA REF-10/25/23,Sample-Routine,Water,Surface Water,2023-10-25,10:40:00,EST,2023-10-25,10:40:00,EST,.1,m,,,,,,SCIREF,FDEP WATER QUALITY STANDARDS PROGRAM,21FLWQSP_WQX-31020012,,,,,Direct Grab,21FLWQSP_WQX,Direct Grab,Water Bottle,,Etridiazole,Total,0.11,ng/L,,Final,,Actual,,,,,,**U**MS accuracy for some parameters not assessed due to high content of these parameters in the sample spiked.  Refer to the Lab Analysis Report for an explanation of QC Codes.,,,,,,,EPA 8270,21FLWQSP_WQX,EPA 8270,,E31780,2023-11-02,,Practical Quantitation Limit,.54,ng/L,,STORET
21FLWQSP_WQX,"FDEP, Water Quality Standards and Special Projects (Florida)",21FLWQSP_WQX-CHIPOLA REF-10/25/23,Sample-Routine,Water,Surface Water,2023-10-25,10:40:00,EST,2023-10-25,10:40:00,EST,.1,m,,,,,,SCIREF,FDEP WATER QUALITY STANDARDS PROGRAM,21FLWQSP_WQX-31020012,,,,,Direct Grab,21FLWQSP_WQX,Direct Grab,Water Bottle,,Fipronil Sulfide,Total,0.11,ng/L,,Final,,Actual,,,,,,**U**MS accuracy for some parameters not assessed due to high content of these parameters in the sample spiked.  Refer to the Lab Analysis Report for an explanation of QC Codes.,,,,,,,EPA 8270,21FLWQSP_WQX,EPA 8270,,E31780,2023-11-02,,Practical Quantitation Limit,.54,ng/L,,STORET
21FLWQSP_WQX,"FDEP, Water Quality Standards and Special Projects (Florida)",21FLWQSP_WQX-CHIPOLA REF-10/25/23,Sample-Routine,Water,Surface Water,2023-10-25,10:40:00,EST,2023-10-25,10:40:00,EST,.1,m,,,,,,SCIREF,FDEP WATER QUALITY STANDARDS PROGRAM,21FLWQSP_WQX-31020012,,,,,Direct Grab,21FLWQSP_WQX,Direct Grab,Water Bottle,,"Alkalinity, total",Total,119,mg/L,,Final,,Actual,,,,,,,,,,,,,2320-B,APHA,2320 B ~ Alkalinity by Gran Titration,https://www.nemi.gov/methods/method_summary/9694/,E31780,2023-10-30,,Practical Quantitation Limit,2.5,mg/L,,STORET
21FLWQSP_WQX,"FDEP, Water Quality Standards and Special Projects (Florida)",21FLWQSP_WQX-CHIPOLA REF-10/25/23,Sample-Routine,Water,Surface Water,2023-10-25,10:40:00,EST,2023-10-25,10:40:00,EST,.1,m,,,,,,SCIREF,FDEP WATER QUALITY STANDARDS PROGRAM,21FLWQSP_WQX-31020012,,,,,Direct Grab,21FLWQSP_WQX,Direct Grab,Water Bottle,,Norflurazon,Total,1.1,ng/L,,Final,,Actual,,,,,,**U**MS accuracy for some parameters not assessed due to high content of these parameters in the sample spiked.  Refer to the Lab Analysis Report for an explanation of QC Codes.,,,,,,,EPA 8270,21FLWQSP_WQX,EPA 8270,,E31780,2023-11-02,,Practical Quantitation Limit,5.4,ng/L,,STORET
21FLWQSP_WQX,"FDEP, Water Quality Standards and Special Projects (Florida)",21FLWQSP_WQX-CHIPOLA REF-10/25/23,Sample-Routine,Water,Surface Water,2023-10-25,10:40:00,EST,2023-10-25,10:40:00,EST,.1,m,,,,,,SCIREF,FDEP WATER QUALITY STANDARDS PROGRAM,21FLWQSP_WQX-31020012,,,,,Direct Grab,21FLWQSP_WQX,Direct Grab,Water Bottle,,Difenoconazole,Total,0.65,ng/L,,Final,,Actual,,,,,,**U**MS accuracy for some parameters not assessed due to high content of these parameters in the sample spiked.  Refer to the Lab Analysis Report for an explanation of QC Codes.,,,,,,,EPA 8270,21FLWQSP_WQX,EPA 8270,,E31780,2023-11-02,,Practical Quantitation Limit,3.2,ng/L,,STORET
21FLWQSP_WQX,"FDEP, Water Quality Standards and Special Projects (Florida)",21FLWQSP_WQX-CHIPOLA REF-10/25/23,Sample-Routine,Water,Surface Water,2023-10-25,10:40:00,EST,2023-10-25,10:40:00,EST,.1,m,,,,,,SCIREF,FDEP WATER QUALITY STANDARDS PROGRAM,21FLWQSP_WQX-31020012,,,,,Direct Grab,21FLWQSP_WQX,Direct Grab,Water Bottle,,GULL2 DNA marker,Total,900,tsc/100mL,,Final,,Actual,,,,,,**U**,,,,,,,PCR-1.2,21FLWQSP_WQX,PCR-1.2,,E31780,2023-11-20,,Practical Quantitation Limit,4500,tsc/100mL,,STORET
21FLWQSP_WQX,"FDEP, Water Quality Standards and Special Projects (Florida)",21FLWQSP_WQX-CHIPOLA REF-10/25/23,Sample-Routine,Water,Surface Water,2023-10-25,10:40:00,EST,2023-10-25,10:40:00,EST,.1,m,,,,,,SCIREF,FDEP WATER QUALITY STANDARDS PROGRAM,21FLWQSP_WQX-31020012,,,,,Direct Grab,21FLWQSP_WQX,Direct Grab,Water Bottle,,Fipronil Desulfinyl,Total,0.11,ng/L,,Final,,Actual,,,,,,**U**MS accuracy for some parameters not assessed due to high content of these parameters in the sample spiked.  Refer to the Lab Analysis Report for an explanation of QC Codes.,,,,,,,EPA 8270,21FLWQSP_WQX,EPA 8270,,E31780,2023-11-02,,Practical Quantitation Limit,.54,ng/L,,STORET
21FLWQSP_WQX,"FDEP, Water Quality Standards and Special Projects (Florida)",21FLWQSP_WQX-CHIPOLA REF-10/25/23,Sample-Routine,Water,Surface Water,2023-10-25,10:40:00,EST,2023-10-25,10:40:00,EST,.1,m,,,,,,SCIREF,FDEP WATER QUALITY STANDARDS PROGRAM,21FLWQSP_WQX-31020012,,,,,Direct Grab,21FLWQSP_WQX,Direct Grab,Water Bottle,,Cyprodinil,Total,0.22,ng/L,,Final,,Actual,,,,,,**U**MS accuracy for some parameters not assessed due to high content of these parameters in the sample spiked.  Refer to the Lab Analysis Report for an explanation of QC Codes.,,,,,,,EPA 8270,21FLWQSP_WQX,EPA 8270,,E31780,2023-11-02,,Practical Quantitation Limit,1.1,ng/L,,STORET
21FLWQSP_WQX,"FDEP, Water Quality Standards and Special Projects (Florida)",21FLWQSP_WQX-CHIPOLA REF-10/25/23,Sample-Routine,Water,Surface Water,2023-10-25,10:40:00,EST,2023-10-25,10:40:00,EST,.1,m,,,,,,SCIREF,FDEP WATER QUALITY STANDARDS PROGRAM,21FLWQSP_WQX-31020012,,,,,Direct Grab,21FLWQSP_WQX,Direct Grab,Water Bottle,,Flumioxazin,Total,3.2,ng/L,,Final,,Actual,,,,,,**U**MS accuracy for some parameters not assessed due to high content of these parameters in the sample spiked.  Refer to the Lab Analysis Report for an explanation of QC Codes.,,,,,,,EPA 8270,21FLWQSP_WQX,EPA 8270,,E31780,2023-11-02,,Practical Quantitation Limit,16,ng/L,,STORET
21FLWQSP_WQX,"FDEP, Water Quality Standards and Special Projects (Florida)",21FLWQSP_WQX-CHIPOLA REF-10/25/23,Sample-Routine,Water,Surface Water,2023-10-25,10:40:00,EST,2023-10-25,10:40:00,EST,.1,m,,,,,,SCIREF,FDEP WATER QUALITY STANDARDS PROGRAM,21FLWQSP_WQX-31020012,,,,,Direct Grab,21FLWQSP_WQX,Direct Grab,Water Bottle,,Bromacil,Total,0.65,ng/L,,Final,,Actual,,,,,,**U**MS accuracy for some parameters not assessed due to high content of these parameters in the sample spiked.  Refer to the Lab Analysis Report for an explanation of QC Codes.,,,,,,,EPA 8270,21FLWQSP_WQX,EPA 8270,,E31780,2023-11-02,,Practical Quantitation Limit,3.2,ng/L,,STORET
21FLWQSP_WQX,"FDEP, Water Quality Standards and Special Projects (Florida)",21FLWQSP_WQX-CHIPOLA REF-10/25/23,Sample-Routine,Water,Surface Water,2023-10-25,10:40:00,EST,2023-10-25,10:40:00,EST,.1,m,,,,,,SCIREF,FDEP WATER QUALITY STANDARDS PROGRAM,21FLWQSP_WQX-31020012,,,,,Direct Grab,21FLWQSP_WQX,Direct Grab,Water Bottle,,Arsenic,Total,0.46,ug/L,,Final,,Actual,,,,,,,,,,,,,200.8,USEPA,200.8 ~ EPA; Metals in Waters by ICP/MS,https://www.nemi.gov/methods/method_summary/4665/,E31780,2023-11-01,,Practical Quantitation Limit,.2,ug/L,,STORET
21FLWQSP_WQX,"FDEP, Water Quality Standards and Special Projects (Florida)",21FLWQSP_WQX-CHIPOLA REF-10/25/23,Sample-Routine,Water,Surface Water,2023-10-25,10:40:00,EST,2023-10-25,10:40:00,EST,.1,m,,,,,,SCIREF,FDEP WATER QUALITY STANDARDS PROGRAM,21FLWQSP_WQX-31020012,,,,,Direct Grab,21FLWQSP_WQX,Direct Grab,Water Bottle,,"2,2',4,4',5,5'-Hexabromobiphenyl",Total,6.5,ng/L,,Final,,Actual,,,,,,**U**Refer to the Lab Analysis Report for an explanation of QC Codes.,,,,,,,EPA 8270,21FLWQSP_WQX,EPA 8270,,E31780,2023-11-01,,Practical Quantitation Limit,19,ng/L,,STORET
21FLWQSP_WQX,"FDEP, Water Quality Standards and Special Projects (Florida)",21FLWQSP_WQX-CHIPOLA REF-10/25/23,Sample-Routine,Water,Surface Water,2023-10-25,10:40:00,EST,2023-10-25,10:40:00,EST,.1,m,,,,,,SCIREF,FDEP WATER QUALITY STANDARDS PROGRAM,21FLWQSP_WQX-31020012,,,,,Direct Grab,21FLWQSP_WQX,Direct Grab,Water Bottle,,Triadimefon,Total,0.16,ng/L,,Final,,Actual,,,,,,**U**MS accuracy for some parameters not assessed due to high content of these parameters in the sample spiked.  Refer to the Lab Analysis Report for an explanation of QC Codes.,,,,,,,EPA 8270,21FLWQSP_WQX,EPA 8270,,E31780,2023-11-02,,Practical Quantitation Limit,.81,ng/L,,STORET
21FLWQSP_WQX,"FDEP, Water Quality Standards and Special Projects (Florida)",21FLWQSP_WQX-CHIPOLA REF-10/25/23,Sample-Routine,Water,Surface Water,2023-10-25,10:40:00,EST,2023-10-25,10:40:00,EST,.1,m,,,,,,SCIREF,FDEP WATER QUALITY STANDARDS PROGRAM,21FLWQSP_WQX-31020012,,,,,Direct Grab,21FLWQSP_WQX,Direct Grab,Water Bottle,,Hexabromobenzene,Total,6.5,ng/L,,Final,,Actual,,,,,,**U**Refer to the Lab Analysis Report for an explanation of QC Codes.,,,,,,,EPA 8270,21FLWQSP_WQX,EPA 8270,,E31780,2023-11-01,,Practical Quantitation Limit,19,ng/L,,STORET
21FLWQSP_WQX,"FDEP, Water Quality Standards and Special Projects (Florida)",21FLWQSP_WQX-CHIPOLA REF-10/25/23,Sample-Routine,Water,Surface Water,2023-10-25,10:40:00,EST,2023-10-25,10:40:00,EST,.1,m,,,,,,SCIREF,FDEP WATER QUALITY STANDARDS PROGRAM,21FLWQSP_WQX-31020012,,,,,Direct Grab,21FLWQSP_WQX,Direct Grab,Water Bottle,,Naproxen,Total,0.008,ug/L,,Final,,Actual,,,,,,**U**,,,,,,,8321,USEPA,Non-Volatile Compounds by HPLC,,E31780,2023-10-31,,Practical Quantitation Limit,.032,ug/L,,STORET
21FLWQSP_WQX,"FDEP, Water Quality Standards and Special Projects (Florida)",21FLWQSP_WQX-CHIPOLA REF-10/25/23,Sample-Routine,Water,Surface Water,2023-10-25,10:40:00,EST,2023-10-25,10:40:00,EST,.1,m,,,,,,SCIREF,FDEP WATER QUALITY STANDARDS PROGRAM,21FLWQSP_WQX-31020012,,,,,Direct Grab,21FLWQSP_WQX,Direct Grab,Water Bottle,,Tebuconazole,Total,1.5,ng/L,,Final,,Actual,,,,,,**U**MS accuracy for some parameters not assessed due to high content of these parameters in the sample spiked.  Refer to the Lab Analysis Report for an explanation of QC Codes.,,,,,,,EPA 8270,21FLWQSP_WQX,EPA 8270,,E31780,2023-11-02,,Practical Quantitation Limit,7.5,ng/L,,STORET
21FLWQSP_WQX,"FDEP, Water Quality Standards and Special Projects (Florida)",21FLWQSP_WQX-CHIPOLA REF-10/25/23,Sample-Routine,Water,Surface Water,2023-10-25,10:40:00,EST,2023-10-25,10:40:00,EST,.1,m,,,,,,SCIREF,FDEP WATER QUALITY STANDARDS PROGRAM,21FLWQSP_WQX-31020012,,,,,Direct Grab,21FLWQSP_WQX,Direct Grab,Water Bottle,,Bis(hexachlorocyclopentadieno)cyclooctane,Total,32,ng/L,,Final,,Actual,,,,,,**U**Refer to the Lab Analysis Report for an explanation of QC Codes.,,,,,,,EPA 8270,21FLWQSP_WQX,EPA 8270,,E31780,2023-11-01,,Practical Quantitation Limit,97,ng/L,,STORET
21FLWQSP_WQX,"FDEP, Water Quality Standards and Special Projects (Florida)",21FLWQSP_WQX-CHIPOLA REF-10/25/23,Sample-Routine,Water,Surface Water,2023-10-25,10:40:00,EST,2023-10-25,10:40:00,EST,.1,m,,,,,,SCIREF,FDEP WATER QUALITY STANDARDS PROGRAM,21FLWQSP_WQX-31020012,,,,,Direct Grab,21FLWQSP_WQX,Direct Grab,Water Bottle,,Pyraflufen-ethyl,Total,0.32,ng/L,,Final,,Actual,,,,,,**U**MS accuracy for some parameters not assessed due to high content of these parameters in the sample spiked.  Refer to the Lab Analysis Report for an explanation of QC Codes.,,,,,,,EPA 8270,21FLWQSP_WQX,EPA 8270,,E31780,2023-11-02,,Practical Quantitation Limit,1.6,ng/L,,STORET
21FLWQSP_WQX,"FDEP, Water Quality Standards and Special Projects (Florida)",21FLWQSP_WQX-CHIPOLA REF-10/25/23,Sample-Routine,Water,Surface Water,2023-10-25,10:40:00,EST,2023-10-25,10:40:00,EST,.1,m,,,,,,SCIREF,FDEP WATER QUALITY STANDARDS PROGRAM,21FLWQSP_WQX-31020012,,,,,Direct Grab,21FLWQSP_WQX,Direct Grab,Water Bottle,,Carbamazepine,Total,0.0008,ug/L,,Final,,Actual,,,,,,**U**,,,,,,,8321,USEPA,Non-Volatile Compounds by HPLC,,E31780,2023-10-31,,Practical Quantitation Limit,.0032,ug/L,,STORET
21FLWQSP_WQX,"FDEP, Water Quality Standards and Special Projects (Florida)",21FLWQSP_WQX-CHIPOLA REF-10/25/23,Sample-Routine,Water,Surface Water,2023-10-25,10:40:00,EST,2023-10-25,10:40:00,EST,.1,m,,,,,,SCIREF,FDEP WATER QUALITY STANDARDS PROGRAM,21FLWQSP_WQX-31020012,,,,,Direct Grab,21FLWQSP_WQX,Direct Grab,Water Bottle,,Fenamiphos,Total,0.48,ng/L,,Final,,Actual,,,,,,**U**MS accuracy for some parameters not assessed due to high content of these parameters in the sample spiked.  Refer to the Lab Analysis Report for an explanation of QC Codes.,,,,,,,EPA 8270,21FLWQSP_WQX,EPA 8270,,E31780,2023-11-02,,Practical Quantitation Limit,2.4,ng/L,,STORET
21FLWQSP_WQX,"FDEP, Water Quality Standards and Special Projects (Florida)",21FLWQSP_WQX-CHIPOLA REF-10/25/23,Sample-Routine,Water,Surface Water,2023-10-25,10:40:00,EST,2023-10-25,10:40:00,EST,.1,m,,,,,,SCIREF,FDEP WATER QUALITY STANDARDS PROGRAM,21FLWQSP_WQX-31020012,,,,,Direct Grab,21FLWQSP_WQX,Direct Grab,Water Bottle,,Coumaphos,Total,1.1,ng/L,,Final,,Actual,,,,,,**U**MS accuracy for some parameters not assessed due to high content of these parameters in the sample spiked.  Refer to the Lab Analysis Report for an explanation of QC Codes.,,,,,,,EPA 8270,21FLWQSP_WQX,EPA 8270,,E31780,2023-11-02,,Practical Quantitation Limit,5.9,ng/L,,STORET
21FLWQSP_WQX,"FDEP, Water Quality Standards and Special Projects (Florida)",21FLWQSP_WQX-CHIPOLA REF-10/25/23,Sample-Routine,Water,Surface Water,2023-10-25,10:40:00,EST,2023-10-25,10:40:00,EST,.1,m,,,,,,SCIREF,FDEP WATER QUALITY STANDARDS PROGRAM,21FLWQSP_WQX-31020012,,,,,Direct Grab,21FLWQSP_WQX,Direct Grab,Water Bottle,,"2-ethylhexyl-2,3,4,5-tetrabromobenzoate",Total,13,ng/L,,Final,,Actual,,,,,,**U**Refer to the Lab Analysis Report for an explanation of QC Codes.,,,,,,,EPA 8270,21FLWQSP_WQX,EPA 8270,,E31780,2023-11-01,,Practical Quantitation Limit,39,ng/L,,STORET
21FLWQSP_WQX,"FDEP, Water Quality Standards and Special Projects (Florida)",21FLWQSP_WQX-CHIPOLA REF-10/25/23,Sample-Routine,Water,Surface Water,2023-10-25,10:40:00,EST,2023-10-25,10:40:00,EST,.1,m,,,,,,SCIREF,FDEP WATER QUALITY STANDARDS PROGRAM,21FLWQSP_WQX-31020012,,,,,Direct Grab,21FLWQSP_WQX,Direct Grab,Water Bottle,,Phenytoin,Total,5.7,ng/L,,Final,,Actual,,,,,,**U**MS accuracy for some parameters not assessed due to high content of these parameters in the sample spiked.  Refer to the Lab Analysis Report for an explanation of QC Codes.,,,,,,,EPA 8270,21FLWQSP_WQX,EPA 8270,,E31780,2023-11-02,,Practical Quantitation Limit,29,ng/L,,STORET
21FLWQSP_WQX,"FDEP, Water Quality Standards and Special Projects (Florida)",21FLWQSP_WQX-CHIPOLA REF-10/25/23,Sample-Routine,Water,Surface Water,2023-10-25,10:40:00,EST,2023-10-25,10:40:00,EST,.1,m,,,,,,SCIREF,FDEP WATER QUALITY STANDARDS PROGRAM,21FLWQSP_WQX-31020012,,,,,Direct Grab,21FLWQSP_WQX,Direct Grab,Water Bottle,,Terbufos,Total,0.22,ng/L,,Final,,Actual,,,,,,**U**MS accuracy for some parameters not assessed due to high content of these parameters in the sample spiked.  Refer to the Lab Analysis Report for an explanation of QC Codes.,,,,,,,EPA 8270,21FLWQSP_WQX,EPA 8270,,E31780,2023-11-02,,Practical Quantitation Limit,1.1,ng/L,,STORET
21FLWQSP_WQX,"FDEP, Water Quality Standards and Special Projects (Florida)",21FLWQSP_WQX-CHIPOLA REF-10/25/23,Sample-Routine,Water,Surface Water,2023-10-25,10:40:00,EST,2023-10-25,10:40:00,EST,.1,m,,,,,,SCIREF,FDEP WATER QUALITY STANDARDS PROGRAM,21FLWQSP_WQX-31020012,,,,,Direct Grab,21FLWQSP_WQX,Direct Grab,Water Bottle,,Chromium,Total,0.65,ug/L,,Final,,Actual,,,,,,**I**,,,,,,,200.8,USEPA,200.8 ~ EPA; Metals in Waters by ICP/MS,https://www.nemi.gov/methods/method_summary/4665/,E31780,2023-11-01,,Practical Quantitation Limit,1.6,ug/L,,STORET
21FLWQSP_WQX,"FDEP, Water Quality Standards and Special Projects (Florida)",21FLWQSP_WQX-CHIPOLA REF-10/25/23,Sample-Routine,Water,Surface Water,2023-10-25,10:40:00,EST,2023-10-25,10:40:00,EST,.1,m,,,,,,SCIREF,FDEP WATER QUALITY STANDARDS PROGRAM,21FLWQSP_WQX-31020012,,,,,Direct Grab,21FLWQSP_WQX,Direct Grab,Water Bottle,,Organic carbon,Total,1.2,mg/L,,Final,,Actual,,,,,,,,,,,,,5310-B,APHA,5310 B ~ Total Organic Carbon by Combustion-Infrared Method,https://www.nemi.gov/methods/method_summary/5717/,E31780,2023-10-31,,Practical Quantitation Limit,1,mg/L,,STORET
21FLWQSP_WQX,"FDEP, Water Quality Standards and Special Projects (Florida)",21FLWQSP_WQX-CHIPOLA REF-10/25/23,Sample-Routine,Water,Surface Water,2023-10-25,10:40:00,EST,2023-10-25,10:40:00,EST,.1,m,,,,,,SCIREF,FDEP WATER QUALITY STANDARDS PROGRAM,21FLWQSP_WQX-31020012,,,,,Direct Grab,21FLWQSP_WQX,Direct Grab,Water Bottle,,Ammonia,Total,0.01,mg/L,,Final,,Actual,,,,,,,,,,,,,350.1,USEPA,350.1 ~ EPA; Ammonia Nitrogen by Colorimetry,https://www.nemi.gov/methods/method_summary/5405/,E31780,2023-10-30,,Practical Quantitation Limit,.005,mg/L,,STORET
21FLWQSP_WQX,"FDEP, Water Quality Standards and Special Projects (Florida)",21FLWQSP_WQX-CHIPOLA REF-10/25/23,Sample-Routine,Water,Surface Water,2023-10-25,10:40:00,EST,2023-10-25,10:40:00,EST,.1,m,,,,,,SCIREF,FDEP WATER QUALITY STANDARDS PROGRAM,21FLWQSP_WQX-31020012,,,,,Direct Grab,21FLWQSP_WQX,Direct Grab,Water Bottle,,Sodium,Total,3.3,mg/L,,Final,,Actual,,,,,,,,,,,,,200.7,USEPA,Metals in Water by ICP-AES,https://www.nemi.gov/methods/method_summary/4690/,E31780,2023-10-31,,Practical Quantitation Limit,2,mg/L,,STORET
21FLWQSP_WQX,"FDEP, Water Quality Standards and Special Projects (Florida)",21FLWQSP_WQX-CHIPOLA REF-10/25/23-FP1,Field Msr/Obs,Water,Surface Water,2023-10-25,10:40:00,EST,2023-10-25,10:40:00,EST,.1,m,,,,,,SCIREF,FDEP WATER QUALITY STANDARDS PROGRAM,21FLWQSP_WQX-31020012,,,,,Field Test-Discrete,21FLWQSP_WQX,Field Testing- Discrete,Miscellaneous (Other),,Dissolved oxygen (DO),,8.27,mg/L,,Final,,Actual,,,,,,,,,,,,,FDEP FT1500,21FLWQSP_WQX,FDEP FT1500,,,,,,,,,STORET
21FLWQSP_WQX,"FDEP, Water Quality Standards and Special Projects (Florida)",21FLWQSP_WQX-CHIPOLA REF-10/25/23,Sample-Routine,Water,Surface Water,2023-10-25,10:40:00,EST,2023-10-25,10:40:00,EST,.1,m,,,,,,SCIREF,FDEP WATER QUALITY STANDARDS PROGRAM,21FLWQSP_WQX-31020012,,,,,Direct Grab,21FLWQSP_WQX,Direct Grab,Water Bottle,,Glyphosate,Total,0.1,ug/L,,Final,,Actual,,,,,,**U**,,,,,,,8321,USEPA,Non-Volatile Compounds by HPLC,,E31780,2023-10-26,,Practical Quantitation Limit,.4,ug/L,,STORET
21FLWQSP_WQX,"FDEP, Water Quality Standards and Special Projects (Florida)",21FLWQSP_WQX-CHIPOLA REF-10/25/23,Sample-Routine,Water,Surface Water,2023-10-25,10:40:00,EST,2023-10-25,10:40:00,EST,.1,m,,,,,,SCIREF,FDEP WATER QUALITY STANDARDS PROGRAM,21FLWQSP_WQX-31020012,,,,,Direct Grab,21FLWQSP_WQX,Direct Grab,Water Bottle,,Pronamide,Total,0.11,ng/L,,Final,,Actual,,,,,,**U**MS accuracy for some parameters not assessed due to high content of these parameters in the sample spiked.  Refer to the Lab Analysis Report for an explanation of QC Codes.,,,,,,,EPA 8270,21FLWQSP_WQX,EPA 8270,,E31780,2023-11-02,,Practical Quantitation Limit,.54,ng/L,,STORET
21FLWQSP_WQX,"FDEP, Water Quality Standards and Special Projects (Florida)",21FLWQSP_WQX-CHIPOLA REF-10/25/23,Sample-Routine,Water,Surface Water,2023-10-25,10:40:00,EST,2023-10-25,10:40:00,EST,.1,m,,,,,,SCIREF,FDEP WATER QUALITY STANDARDS PROGRAM,21FLWQSP_WQX-31020012,,,,,Direct Grab,21FLWQSP_WQX,Direct Grab,Water Bottle,,Zinc,Total,5,ug/L,,Final,,Actual,,,,,,**U**,,,,,,,200.7,USEPA,Metals in Water by ICP-AES,https://www.nemi.gov/methods/method_summary/4690/,E31780,2023-10-31,,Practical Quantitation Limit,20,ug/L,,STORET
21FLWQSP_WQX,"FDEP, Water Quality Standards and Special Projects (Florida)",21FLWQSP_WQX-CHIPOLA REF-10/25/23,Sample-Routine,Water,Surface Water,2023-10-25,10:40:00,EST,2023-10-25,10:40:00,EST,.1,m,,,,,,SCIREF,FDEP WATER QUALITY STANDARDS PROGRAM,21FLWQSP_WQX-31020012,,,,,Direct Grab,21FLWQSP_WQX,Direct Grab,Water Bottle,,Tris(2-chloroethyl) phosphate,Total,59,ng/L,,Final,,Estimated,,,,,,**UJ**Refer to the Lab Analysis Report for an explanation of QC Codes.,,,,,,,EPA 8270,21FLWQSP_WQX,EPA 8270,,E31780,2023-11-01,,Practical Quantitation Limit,180,ng/L,,STORET
21FLWQSP_WQX,"FDEP, Water Quality Standards and Special Projects (Florida)",21FLWQSP_WQX-CHIPOLA REF-10/25/23,Sample-Routine,Water,Surface Water,2023-10-25,10:40:00,EST,2023-10-25,10:40:00,EST,.1,m,,,,,,SCIREF,FDEP WATER QUALITY STANDARDS PROGRAM,21FLWQSP_WQX-31020012,,,,,Direct Grab,21FLWQSP_WQX,Direct Grab,Water Bottle,,Benzovindiflupyr,Total,0.002,ug/L,,Final,,Actual,,,,,,**U**,,,,,,,8321,USEPA,Non-Volatile Compounds by HPLC,,E31780,2023-10-31,,Practical Quantitation Limit,.008,ug/L,,STORET
21FLWQSP_WQX,"FDEP, Water Quality Standards and Special Projects (Florida)",21FLWQSP_WQX-CHIPOLA REF-10/25/23,Sample-Routine,Water,Surface Water,2023-10-25,10:40:00,EST,2023-10-25,10:40:00,EST,.1,m,,,,,,SCIREF,FDEP WATER QUALITY STANDARDS PROGRAM,21FLWQSP_WQX-31020012,,,,,Direct Grab,21FLWQSP_WQX,Direct Grab,Water Bottle,,Lead,Total,0.2,ug/L,,Final,,Actual,,,,,,**U**,,,,,,,200.8,USEPA,200.8 ~ EPA; Metals in Waters by ICP/MS,https://www.nemi.gov/methods/method_summary/4665/,E31780,2023-11-01,,Practical Quantitation Limit,.4,ug/L,,STORET
21FLWQSP_WQX,"FDEP, Water Quality Standards and Special Projects (Florida)",21FLWQSP_WQX-CHIPOLA REF-10/25/23,Sample-Routine,Water,Surface Water,2023-10-25,10:40:00,EST,2023-10-25,10:40:00,EST,.1,m,,,,,,SCIREF,FDEP WATER QUALITY STANDARDS PROGRAM,21FLWQSP_WQX-31020012,,,,,Direct Grab,21FLWQSP_WQX,Direct Grab,Water Bottle,,Pyriproxyfen,Total,0.27,ng/L,,Final,,Actual,,,,,,**U**MS accuracy for some parameters not assessed due to high content of these parameters in the sample spiked.  Refer to the Lab Analysis Report for an explanation of QC Codes.,,,,,,,EPA 8270,21FLWQSP_WQX,EPA 8270,,E31780,2023-11-02,,Practical Quantitation Limit,1.7,ng/L,,STORET
21FLWQSP_WQX,"FDEP, Water Quality Standards and Special Projects (Florida)",21FLWQSP_WQX-CHIPOLA REF-10/25/23,Sample-Routine,Water,Surface Water,2023-10-25,10:40:00,EST,2023-10-25,10:40:00,EST,.1,m,,,,,,SCIREF,FDEP WATER QUALITY STANDARDS PROGRAM,21FLWQSP_WQX-31020012,,,,,Direct Grab,21FLWQSP_WQX,Direct Grab,Water Bottle,,Nickel,Total,0.5,ug/L,,Final,,Actual,,,,,,**U**,,,,,,,200.8,USEPA,200.8 ~ EPA; Metals in Waters by ICP/MS,https://www.nemi.gov/methods/method_summary/4665/,E31780,2023-11-01,,Practical Quantitation Limit,2,ug/L,,STORET
21FLWQSP_WQX,"FDEP, Water Quality Standards and Special Projects (Florida)",21FLWQSP_WQX-CHIPOLA REF-10/25/23,Sample-Routine,Water,Surface Water,2023-10-25,10:40:00,EST,2023-10-25,10:40:00,EST,.1,m,,,,,,SCIREF,FDEP WATER QUALITY STANDARDS PROGRAM,21FLWQSP_WQX-31020012,,,,,Direct Grab,21FLWQSP_WQX,Direct Grab,Water Bottle,,Fluazifop-P-butyl,Total,0.11,ng/L,,Final,,Actual,,,,,,**U**MS accuracy for some parameters not assessed due to high content of these parameters in the sample spiked.  Refer to the Lab Analysis Report for an explanation of QC Codes.,,,,,,,EPA 8270,21FLWQSP_WQX,EPA 8270,,E31780,2023-11-02,,Practical Quantitation Limit,.54,ng/L,,STORET
21FLWQSP_WQX,"FDEP, Water Quality Standards and Special Projects (Florida)",21FLWQSP_WQX-CHIPOLA REF-10/25/23,Sample-Routine,Water,Surface Water,2023-10-25,10:40:00,EST,2023-10-25,10:40:00,EST,.1,m,,,,,,SCIREF,FDEP WATER QUALITY STANDARDS PROGRAM,21FLWQSP_WQX-31020012,,,,,Direct Grab,21FLWQSP_WQX,Direct Grab,Water Bottle,,Iron,Total,80,ug/L,,Final,,Actual,,,,,,**I**,,,,,,,200.7,USEPA,Metals in Water by ICP-AES,https://www.nemi.gov/methods/method_summary/4690/,E31780,2023-10-31,,Practical Quantitation Limit,120,ug/L,,STORET
21FLWQSP_WQX,"FDEP, Water Quality Standards and Special Projects (Florida)",21FLWQSP_WQX-CHIPOLA REF-10/25/23,Sample-Routine,Water,Surface Water,2023-10-25,10:40:00,EST,2023-10-25,10:40:00,EST,.1,m,,,,,,SCIREF,FDEP WATER QUALITY STANDARDS PROGRAM,21FLWQSP_WQX-31020012,,,,,Direct Grab,21FLWQSP_WQX,Direct Grab,Water Bottle,,Acetaminophen,Total,0.008,ug/L,,Final,,Actual,,,,,,**U**,,,,,,,8321,USEPA,Non-Volatile Compounds by HPLC,,E31780,2023-10-31,,Practical Quantitation Limit,.032,ug/L,,STORET
21FLWQSP_WQX,"FDEP, Water Quality Standards and Special Projects (Florida)",21FLWQSP_WQX-CHIPOLA REF-10/25/23,Sample-Routine,Water,Surface Water,2023-10-25,10:40:00,EST,2023-10-25,10:40:00,EST,.1,m,,,,,,SCIREF,FDEP WATER QUALITY STANDARDS PROGRAM,21FLWQSP_WQX-31020012,,,,,Direct Grab,21FLWQSP_WQX,Direct Grab,Water Bottle,,Fipronil Sulfone,Total,0.11,ng/L,,Final,,Actual,,,,,,**U**MS accuracy for some parameters not assessed due to high content of these parameters in the sample spiked.  Refer to the Lab Analysis Report for an explanation of QC Codes.,,,,,,,EPA 8270,21FLWQSP_WQX,EPA 8270,,E31780,2023-11-02,,Practical Quantitation Limit,.54,ng/L,,STORET
21FLWQSP_WQX,"FDEP, Water Quality Standards and Special Projects (Florida)",21FLWQSP_WQX-CHIPOLA REF-10/25/23,Sample-Routine,Water,Surface Water,2023-10-25,10:40:00,EST,2023-10-25,10:40:00,EST,.1,m,,,,,,SCIREF,FDEP WATER QUALITY STANDARDS PROGRAM,21FLWQSP_WQX-31020012,,,,,Direct Grab,21FLWQSP_WQX,Direct Grab,Water Bottle,,Fenbuconazole,Total,0.54,ng/L,,Final,,Actual,,,,,,**U**MS accuracy for some parameters not assessed due to high content of these parameters in the sample spiked.  Refer to the Lab Analysis Report for an explanation of QC Codes.,,,,,,,EPA 8270,21FLWQSP_WQX,EPA 8270,,E31780,2023-11-02,,Practical Quantitation Limit,2.7,ng/L,,STORET
21FLWQSP_WQX,"FDEP, Water Quality Standards and Special Projects (Florida)",21FLWQSP_WQX-CHIPOLA REF-10/25/23,Sample-Routine,Water,Surface Water,2023-10-25,10:40:00,EST,2023-10-25,10:40:00,EST,.1,m,,,,,,SCIREF,FDEP WATER QUALITY STANDARDS PROGRAM,21FLWQSP_WQX-31020012,,,,,Direct Grab,21FLWQSP_WQX,Direct Grab,Water Bottle,,"Tris(1,3-dichloro-2-propyl)phosphate",Total,2.7,ng/L,,Final,,Estimated,,,,,,**UJ**Refer to the Lab Analysis Report for an explanation of QC Codes.,,,,,,,EPA 8270,21FLWQSP_WQX,EPA 8270,,E31780,2023-11-01,,Practical Quantitation Limit,8.1,ng/L,,STORET
21FLWQSP_WQX,"FDEP, Water Quality Standards and Special Projects (Florida)",21FLWQSP_WQX-CHIPOLA REF-10/25/23,Sample-Routine,Water,Surface Water,2023-10-25,10:40:00,EST,2023-10-25,10:40:00,EST,.1,m,,,,,,SCIREF,FDEP WATER QUALITY STANDARDS PROGRAM,21FLWQSP_WQX-31020012,,,,,Direct Grab,21FLWQSP_WQX,Direct Grab,Water Bottle,,Dechlorane 603,Total,4.3,ng/L,,Final,,Actual,,,,,,**U**Refer to the Lab Analysis Report for an explanation of QC Codes.,,,,,,,EPA 8270,21FLWQSP_WQX,EPA 8270,,E31780,2023-11-01,,Practical Quantitation Limit,13,ng/L,,STORET
21FLWQSP_WQX,"FDEP, Water Quality Standards and Special Projects (Florida)",21FLWQSP_WQX-CHIPOLA REF-10/25/23,Sample-Routine,Water,Surface Water,2023-10-25,10:40:00,EST,2023-10-25,10:40:00,EST,.1,m,,,,,,SCIREF,FDEP WATER QUALITY STANDARDS PROGRAM,21FLWQSP_WQX-31020012,,,,,Direct Grab,21FLWQSP_WQX,Direct Grab,Water Bottle,,"2,4,5-T",Total,0.004,ug/L,,Final,,Actual,,,,,,**U**,,,,,,,8321,USEPA,Non-Volatile Compounds by HPLC,,E31780,2023-10-31,,Practical Quantitation Limit,.016,ug/L,,STORET
21FLWQSP_WQX,"FDEP, Water Quality Standards and Special Projects (Florida)",21FLWQSP_WQX-CHIPOLA REF-10/25/23,Sample-Routine,Water,Surface Water,2023-10-25,10:40:00,EST,2023-10-25,10:40:00,EST,.1,m,,,,,,SCIREF,FDEP WATER QUALITY STANDARDS PROGRAM,21FLWQSP_WQX-31020012,,,,,Direct Grab,21FLWQSP_WQX,Direct Grab,Water Bottle,,Clothianidin,Total,0.002,ug/L,,Final,,Actual,,,,,,**U**,,,,,,,8321,USEPA,Non-Volatile Compounds by HPLC,,E31780,2023-10-31,,Practical Quantitation Limit,.008,ug/L,,STORET
21FLWQSP_WQX,"FDEP, Water Quality Standards and Special Projects (Florida)",21FLWQSP_WQX-CHIPOLA REF-10/25/23,Sample-Routine,Water,Surface Water,2023-10-25,10:40:00,EST,2023-10-25,10:40:00,EST,.1,m,,,,,,SCIREF,FDEP WATER QUALITY STANDARDS PROGRAM,21FLWQSP_WQX-31020012,,,,,Direct Grab,21FLWQSP_WQX,Direct Grab,Water Bottle,,2-Hydroxy-4-methoxybenzophenone,Total,11,ng/L,,Final,,Actual,,,,,,**U**Refer to the Lab Analysis Report for an explanation of QC Codes.,,,,,,,EPA 8270,21FLWQSP_WQX,EPA 8270,,E31780,2023-11-01,,Practical Quantitation Limit,32,ng/L,,STORET
21FLWQSP_WQX,"FDEP, Water Quality Standards and Special Projects (Florida)",21FLWQSP_WQX-CHIPOLA REF-10/25/23,Sample-Routine,Water,Surface Water,2023-10-25,10:40:00,EST,2023-10-25,10:40:00,EST,.1,m,,,,,,SCIREF,FDEP WATER QUALITY STANDARDS PROGRAM,21FLWQSP_WQX-31020012,,,,,Direct Grab,21FLWQSP_WQX,Direct Grab,Water Bottle,,Metolachlor,Total,2.5,ng/L,,Final,,Actual,,,,,,**I**MS accuracy for some parameters not assessed due to high content of these parameters in the sample spiked.  Refer to the Lab Analysis Report for an explanation of QC Codes.,,,,,,,EPA 8270,21FLWQSP_WQX,EPA 8270,,E31780,2023-11-02,,Practical Quantitation Limit,4,ng/L,,STORET
21FLWQSP_WQX,"FDEP, Water Quality Standards and Special Projects (Florida)",21FLWQSP_WQX-CHIPOLA REF-10/25/23,Sample-Routine,Water,Surface Water,2023-10-25,10:40:00,EST,2023-10-25,10:40:00,EST,.1,m,,,,,,SCIREF,FDEP WATER QUALITY STANDARDS PROGRAM,21FLWQSP_WQX-31020012,,,,,Direct Grab,21FLWQSP_WQX,Direct Grab,Water Bottle,,Tetradecachloro-m-terphenyl,Total,8.1,ng/L,,Final,,Estimated,,,,,,**UJ**Refer to the Lab Analysis Report for an explanation of QC Codes.,,,,,,,EPA 8270,21FLWQSP_WQX,EPA 8270,,E31780,2023-11-01,,Practical Quantitation Limit,24,ng/L,,STORET
21FLWQSP_WQX,"FDEP, Water Quality Standards and Special Projects (Florida)",21FLWQSP_WQX-CHIPOLA REF-10/25/23,Sample-Routine,Water,Surface Water,2023-10-25,10:40:00,EST,2023-10-25,10:40:00,EST,.1,m,,,,,,SCIREF,FDEP WATER QUALITY STANDARDS PROGRAM,21FLWQSP_WQX-31020012,,,,,Direct Grab,21FLWQSP_WQX,Direct Grab,Water Bottle,,Total suspended solids,Total,3,mg/L,,Final,,Actual,,,,,,**I**Batch relative percent difference is unavailable because of low analyte concentration in the QC sample.,,,,,,,2540-D,APHA,2540 D ~ Total Suspended Solids in Water,https://www.nemi.gov/methods/method_summary/9819/,E31780,2023-10-27,,Practical Quantitation Limit,10,mg/L,,STORET
21FLWQSP_WQX,"FDEP, Water Quality Standards and Special Projects (Florida)",21FLWQSP_WQX-CHIPOLA REF-10/25/23,Sample-Routine,Water,Surface Water,2023-10-25,10:40:00,EST,2023-10-25,10:40:00,EST,.1,m,,,,,,SCIREF,FDEP WATER QUALITY STANDARDS PROGRAM,21FLWQSP_WQX-31020012,,,,,Direct Grab,21FLWQSP_WQX,Direct Grab,Water Bottle,,"Chlorophyll a, uncorrected for pheophytin",Total,1.5,ug/L,,Final,,Actual,,,,,,**I**Precision data is not available for at least one component due to the small amount of analyte in the QC sample. Refer to QA report for available precision data.,,,,,,,10200-H,APHA,10200 H ~ Chlorophyll a-b-c Determination,,E31780,2023-10-31,,Practical Quantitation Limit,2.1,ug/L,,STORET
21FLWQSP_WQX,"FDEP, Water Quality Standards and Special Projects (Florida)",21FLWQSP_WQX-CHIPOLA REF-10/25/23,Sample-Routine,Water,Surface Water,2023-10-25,10:40:00,EST,2023-10-25,10:40:00,EST,.1,m,,,,,,SCIREF,FDEP WATER QUALITY STANDARDS PROGRAM,21FLWQSP_WQX-31020012,,,,,Direct Grab,21FLWQSP_WQX,Direct Grab,Water Bottle,,Thallium,Total,0.1,ug/L,,Final,,Actual,,,,,,**U**,,,,,,,200.8,USEPA,200.8 ~ EPA; Metals in Waters by ICP/MS,https://www.nemi.gov/methods/method_summary/4665/,E31780,2023-11-01,,Practical Quantitation Limit,.4,ug/L,,STORET
21FLWQSP_WQX,"FDEP, Water Quality Standards and Special Projects (Florida)",21FLWQSP_WQX-CHIPOLA REF-10/25/23,Sample-Routine,Water,Surface Water,2023-10-25,10:40:00,EST,2023-10-25,10:40:00,EST,.1,m,,,,,,SCIREF,FDEP WATER QUALITY STANDARDS PROGRAM,21FLWQSP_WQX-31020012,,,,,Direct Grab,21FLWQSP_WQX,Direct Grab,Water Bottle,,Thiobencarb,Total,0.54,ng/L,,Final,,Actual,,,,,,**U**MS accuracy for some parameters not assessed due to high content of these parameters in the sample spiked.  Refer to the Lab Analysis Report for an explanation of QC Codes.,,,,,,,EPA 8270,21FLWQSP_WQX,EPA 8270,,E31780,2023-11-02,,Practical Quantitation Limit,2.7,ng/L,,STORET
21FLWQSP_WQX,"FDEP, Water Quality Standards and Special Projects (Florida)",21FLWQSP_WQX-CHIPOLA REF-10/25/23-FP1,Field Msr/Obs,Water,Surface Water,2023-10-25,10:40:00,EST,2023-10-25,10:40:00,EST,.1,m,,,,,,SCIREF,FDEP WATER QUALITY STANDARDS PROGRAM,21FLWQSP_WQX-31020012,,,,,Field Test-Discrete,21FLWQSP_WQX,Field Testing- Discrete,Miscellaneous (Other),,pH,,8.23,None,,Final,,Actual,,,,,,,,,,,,,FDEP FT1100,21FLWQSP_WQX,FDEP FT1100,,,,,,,,,STORET
21FLWQSP_WQX,"FDEP, Water Quality Standards and Special Projects (Florida)",21FLWQSP_WQX-CHIPOLA REF-10/25/23,Sample-Routine,Water,Surface Water,2023-10-25,10:40:00,EST,2023-10-25,10:40:00,EST,.1,m,,,,,,SCIREF,FDEP WATER QUALITY STANDARDS PROGRAM,21FLWQSP_WQX-31020012,,,,,Direct Grab,21FLWQSP_WQX,Direct Grab,Water Bottle,,True color,,3.9,PCU,,Final,,Actual,,,,,,**I**,,,,,,,DEP-SOP-NU-094,21FLWQSP_WQX,DEP-SOP-NU-094,,E31780,2023-10-26,,Practical Quantitation Limit,6,PCU,,STORET
21FLWQSP_WQX,"FDEP, Water Quality Standards and Special Projects (Florida)",21FLWQSP_WQX-CHIPOLA REF-10/25/23,Sample-Routine,Water,Surface Water,2023-10-25,10:40:00,EST,2023-10-25,10:40:00,EST,.1,m,,,,,,SCIREF,FDEP WATER QUALITY STANDARDS PROGRAM,21FLWQSP_WQX-31020012,,,,,Direct Grab,21FLWQSP_WQX,Direct Grab,Water Bottle,,Molybdenum,Total,0.5,ug/L,,Final,,Actual,,,,,,**I**,,,,,,,200.8,USEPA,200.8 ~ EPA; Metals in Waters by ICP/MS,https://www.nemi.gov/methods/method_summary/4665/,E31780,2023-11-01,,Practical Quantitation Limit,.6,ug/L,,STORET
21FLWQSP_WQX,"FDEP, Water Quality Standards and Special Projects (Florida)",21FLWQSP_WQX-CHIPOLA REF-10/25/23,Sample-Routine,Water,Surface Water,2023-10-25,10:40:00,EST,2023-10-25,10:40:00,EST,.1,m,,,,,,SCIREF,FDEP WATER QUALITY STANDARDS PROGRAM,21FLWQSP_WQX-31020012,,,,,Direct Grab,21FLWQSP_WQX,Direct Grab,Water Bottle,,Parathion,Total,0.16,ng/L,,Final,,Actual,,,,,,**U**MS accuracy for some parameters not assessed due to high content of these parameters in the sample spiked.  Refer to the Lab Analysis Report for an explanation of QC Codes.,,,,,,,EPA 8270,21FLWQSP_WQX,EPA 8270,,E31780,2023-11-02,,Practical Quantitation Limit,.81,ng/L,,STORET
21FLWQSP_WQX,"FDEP, Water Quality Standards and Special Projects (Florida)",21FLWQSP_WQX-CHIPOLA REF-10/25/23,Sample-Routine,Water,Surface Water,2023-10-25,10:40:00,EST,2023-10-25,10:40:00,EST,.1,m,,,,,,SCIREF,FDEP WATER QUALITY STANDARDS PROGRAM,21FLWQSP_WQX-31020012,,,,,Direct Grab,21FLWQSP_WQX,Direct Grab,Water Bottle,,Ametryn,Total,1.2,ng/L,,Final,,Actual,,,,,,**U**MS accuracy for some parameters not assessed due to high content of these parameters in the sample spiked.  Refer to the Lab Analysis Report for an explanation of QC Codes.,,,,,,,EPA 8270,21FLWQSP_WQX,EPA 8270,,E31780,2023-11-02,,Practical Quantitation Limit,5.9,ng/L,,STORET
21FLWQSP_WQX,"FDEP, Water Quality Standards and Special Projects (Florida)",21FLWQSP_WQX-CHIPOLA REF-10/25/23,Sample-Routine,Water,Surface Water,2023-10-25,10:40:00,EST,2023-10-25,10:40:00,EST,.1,m,,,,,,SCIREF,FDEP WATER QUALITY STANDARDS PROGRAM,21FLWQSP_WQX-31020012,,,,,Direct Grab,21FLWQSP_WQX,Direct Grab,Water Bottle,,Alachlor,Total,0.43,ng/L,,Final,,Actual,,,,,,**U**MS accuracy for some parameters not assessed due to high content of these parameters in the sample spiked.  Refer to the Lab Analysis Report for an explanation of QC Codes.,,,,,,,EPA 8270,21FLWQSP_WQX,EPA 8270,,E31780,2023-11-02,,Practical Quantitation Limit,2.2,ng/L,,STORET
21FLWQSP_WQX,"FDEP, Water Quality Standards and Special Projects (Florida)",21FLWQSP_WQX-CHIPOLA REF-10/25/23,Sample-Routine,Water,Surface Water,2023-10-25,10:40:00,EST,2023-10-25,10:40:00,EST,.1,m,,,,,,SCIREF,FDEP WATER QUALITY STANDARDS PROGRAM,21FLWQSP_WQX-31020012,,,,,Direct Grab,21FLWQSP_WQX,Direct Grab,Water Bottle,,Fipronil,Total,0.22,ng/L,,Final,,Actual,,,,,,**U**MS accuracy for some parameters not assessed due to high content of these parameters in the sample spiked.  Refer to the Lab Analysis Report for an explanation of QC Codes.,,,,,,,EPA 8270,21FLWQSP_WQX,EPA 8270,,E31780,2023-11-02,,Practical Quantitation Limit,1.1,ng/L,,STORET
21FLWQSP_WQX,"FDEP, Water Quality Standards and Special Projects (Florida)",21FLWQSP_WQX-CHIPOLA REF-10/25/23,Sample-Routine,Water,Surface Water,2023-10-25,10:40:00,EST,2023-10-25,10:40:00,EST,.1,m,,,,,,SCIREF,FDEP WATER QUALITY STANDARDS PROGRAM,21FLWQSP_WQX-31020012,,,,,Direct Grab,21FLWQSP_WQX,Direct Grab,Water Bottle,,Carfentrazone-ethyl,Total,0.16,ng/L,,Final,,Actual,,,,,,**U**MS accuracy for some parameters not assessed due to high content of these parameters in the sample spiked.  Refer to the Lab Analysis Report for an explanation of QC Codes.,,,,,,,EPA 8270,21FLWQSP_WQX,EPA 8270,,E31780,2023-11-02,,Practical Quantitation Limit,.81,ng/L,,STORET
21FLWQSP_WQX,"FDEP, Water Quality Standards and Special Projects (Florida)",21FLWQSP_WQX-CHIPOLA REF-10/25/23,Sample-Routine,Water,Surface Water,2023-10-25,10:40:00,EST,2023-10-25,10:40:00,EST,.1,m,,,,,,SCIREF,FDEP WATER QUALITY STANDARDS PROGRAM,21FLWQSP_WQX-31020012,,,,,Direct Grab,21FLWQSP_WQX,Direct Grab,Water Bottle,,Butylate,Total,0.48,ng/L,,Final,,Actual,,,,,,**U**MS accuracy for some parameters not assessed due to high content of these parameters in the sample spiked.  Refer to the Lab Analysis Report for an explanation of QC Codes.,,,,,,,EPA 8270,21FLWQSP_WQX,EPA 8270,,E31780,2023-11-02,,Practical Quantitation Limit,2.4,ng/L,,STORET
21FLWQSP_WQX,"FDEP, Water Quality Standards and Special Projects (Florida)",21FLWQSP_WQX-CHIPOLA REF-10/25/23,Sample-Routine,Water,Surface Water,2023-10-25,10:40:00,EST,2023-10-25,10:40:00,EST,.1,m,,,,,,SCIREF,FDEP WATER QUALITY STANDARDS PROGRAM,21FLWQSP_WQX-31020012,,,,,Direct Grab,21FLWQSP_WQX,Direct Grab,Water Bottle,,HF183 DNA marker,Total,830,tsc/100mL,,Final,,Actual,,,,,,**U**,,,,,,,PCR-1.0,21FLWQSP_WQX,PCR-1.0,,E31780,2023-11-16,,Practical Quantitation Limit,4100,tsc/100mL,,STORET
21FLWQSP_WQX,"FDEP, Water Quality Standards and Special Projects (Florida)",21FLWQSP_WQX-CHIPOLA REF-10/25/23,Sample-Routine,Water,Surface Water,2023-10-25,10:40:00,EST,2023-10-25,10:40:00,EST,.1,m,,,,,,SCIREF,FDEP WATER QUALITY STANDARDS PROGRAM,21FLWQSP_WQX-31020012,,,,,Direct Grab,21FLWQSP_WQX,Direct Grab,Water Bottle,,Antimony,Total,0.05,ug/L,,Final,,Actual,,,,,,**U**,,,,,,,200.8,USEPA,200.8 ~ EPA; Metals in Waters by ICP/MS,https://www.nemi.gov/methods/method_summary/4665/,E31780,2023-11-01,,Practical Quantitation Limit,.2,ug/L,,STORET
21FLWQSP_WQX,"FDEP, Water Quality Standards and Special Projects (Florida)",21FLWQSP_WQX-CHIPOLA REF-10/25/23,Sample-Routine,Water,Surface Water,2023-10-25,10:40:00,EST,2023-10-25,10:40:00,EST,.1,m,,,,,,SCIREF,FDEP WATER QUALITY STANDARDS PROGRAM,21FLWQSP_WQX-31020012,,,,,Direct Grab,21FLWQSP_WQX,Direct Grab,Water Bottle,,Mecoprop,Total,0.002,ug/L,,Final,,Actual,,,,,,**U**,,,,,,,8321,USEPA,Non-Volatile Compounds by HPLC,,E31780,2023-10-31,,Practical Quantitation Limit,.008,ug/L,,STORET
21FLWQSP_WQX,"FDEP, Water Quality Standards and Special Projects (Florida)",21FLWQSP_WQX-CHIPOLA REF-10/25/23,Sample-Routine,Water,Surface Water,2023-10-25,10:40:00,EST,2023-10-25,10:40:00,EST,.1,m,,,,,,SCIREF,FDEP WATER QUALITY STANDARDS PROGRAM,21FLWQSP_WQX-31020012,,,,,Direct Grab,21FLWQSP_WQX,Direct Grab,Water Bottle,,Calcium,Total,48,mg/L,,Final,,Actual,,,,,,,,,,,,,200.7,USEPA,Metals in Water by ICP-AES,https://www.nemi.gov/methods/method_summary/4690/,E31780,2023-10-31,,Practical Quantitation Limit,.3,mg/L,,STORET
21FLWQSP_WQX,"FDEP, Water Quality Standards and Special Projects (Florida)",21FLWQSP_WQX-CHIPOLA REF-10/25/23,Sample-Routine,Water,Surface Water,2023-10-25,10:40:00,EST,2023-10-25,10:40:00,EST,.1,m,,,,,,SCIREF,FDEP WATER QUALITY STANDARDS PROGRAM,21FLWQSP_WQX-31020012,,,,,Direct Grab,21FLWQSP_WQX,Direct Grab,Water Bottle,,Loratadine,Total,0.32,ng/L,,Final,,Actual,,,,,,**U**MS accuracy for some parameters not assessed due to high content of these parameters in the sample spiked.  Refer to the Lab Analysis Report for an explanation of QC Codes.,,,,,,,EPA 8270,21FLWQSP_WQX,EPA 8270,,E31780,2023-11-02,,Practical Quantitation Limit,1.6,ng/L,,STORET
21FLWQSP_WQX,"FDEP, Water Quality Standards and Special Projects (Florida)",21FLWQSP_WQX-CHIPOLA REF-10/25/23,Sample-Routine,Water,Surface Water,2023-10-25,10:40:00,EST,2023-10-25,10:40:00,EST,.1,m,,,,,,SCIREF,FDEP WATER QUALITY STANDARDS PROGRAM,21FLWQSP_WQX-31020012,,,,,Direct Grab,21FLWQSP_WQX,Direct Grab,Water Bottle,,Chlorpyrifos,Total,0.32,ng/L,,Final,,Actual,,,,,,**U**MS accuracy for some parameters not assessed due to high content of these parameters in the sample spiked.  Refer to the Lab Analysis Report for an explanation of QC Codes.,,,,,,,EPA 8270,21FLWQSP_WQX,EPA 8270,,E31780,2023-11-02,,Practical Quantitation Limit,1.6,ng/L,,STORET
21FLWQSP_WQX,"FDEP, Water Quality Standards and Special Projects (Florida)",21FLWQSP_WQX-CHIPOLA REF-10/25/23,Sample-Routine,Water,Surface Water,2023-10-25,10:40:00,EST,2023-10-25,10:40:00,EST,.1,m,,,,,,SCIREF,FDEP WATER QUALITY STANDARDS PROGRAM,21FLWQSP_WQX-31020012,,,,,Direct Grab,21FLWQSP_WQX,Direct Grab,Water Bottle,,Methyl parathion,Total,0.22,ng/L,,Final,,Actual,,,,,,**U**MS accuracy for some parameters not assessed due to high content of these parameters in the sample spiked.  Refer to the Lab Analysis Report for an explanation of QC Codes.,,,,,,,EPA 8270,21FLWQSP_WQX,EPA 8270,,E31780,2023-11-02,,Practical Quantitation Limit,1.1,ng/L,,STORET
21FLWQSP_WQX,"FDEP, Water Quality Standards and Special Projects (Florida)",21FLWQSP_WQX-CHIPOLA REF-10/25/23,Sample-Routine,Water,Surface Water,2023-10-25,10:40:00,EST,2023-10-25,10:40:00,EST,.1,m,,,,,,SCIREF,FDEP WATER QUALITY STANDARDS PROGRAM,21FLWQSP_WQX-31020012,,,,,Direct Grab,21FLWQSP_WQX,Direct Grab,Water Bottle,,Dinotefuran,Total,0.0063,ug/L,,Final,,Actual,,,,,,**I**,,,,,,,8321,USEPA,Non-Volatile Compounds by HPLC,,E31780,2023-10-31,,Practical Quantitation Limit,.008,ug/L,,STORET
21FLWQSP_WQX,"FDEP, Water Quality Standards and Special Projects (Florida)",21FLWQSP_WQX-CHIPOLA REF-10/25/23,Sample-Routine,Water,Surface Water,2023-10-25,10:40:00,EST,2023-10-25,10:40:00,EST,.1,m,,,,,,SCIREF,FDEP WATER QUALITY STANDARDS PROGRAM,21FLWQSP_WQX-31020012,,,,,Direct Grab,21FLWQSP_WQX,Direct Grab,Water Bottle,,Total dissolved solids,Total,135,mg/L,,Final,,Actual,,,,,,,,,,,,,2540-C,APHA,2540 C ~ Total Dissolved Solids in Water,https://www.nemi.gov/methods/method_summary/9818/,E31780,2023-10-27,,Practical Quantitation Limit,25,mg/L,,STORET
21FLWQSP_WQX,"FDEP, Water Quality Standards and Special Projects (Florida)",21FLWQSP_WQX-CHIPOLA REF-10/25/23,Sample-Routine,Water,Surface Water,2023-10-25,10:40:00,EST,2023-10-25,10:40:00,EST,.1,m,,,,,,SCIREF,FDEP WATER QUALITY STANDARDS PROGRAM,21FLWQSP_WQX-31020012,,,,,Direct Grab,21FLWQSP_WQX,Direct Grab,Water Bottle,,Orthophosphate,Dissolved,0.006,mg/L,,Final,,Actual,,,,,,**I**,,,,,,,365.1,USEPA,Phosphorus by Colorimetry,https://www.nemi.gov/methods/method_summary/4823/,E31780,2023-10-26,,Practical Quantitation Limit,.01,mg/L,,STORET
21FLWQSP_WQX,"FDEP, Water Quality Standards and Special Projects (Florida)",21FLWQSP_WQX-CHIPOLA REF-10/25/23-FP1,Field Msr/Obs,Water,Surface Water,2023-10-25,10:40:00,EST,2023-10-25,10:40:00,EST,.1,m,,,,,,SCIREF,FDEP WATER QUALITY STANDARDS PROGRAM,21FLWQSP_WQX-31020012,,,,,Field Test-Discrete,21FLWQSP_WQX,Field Testing- Discrete,Miscellaneous (Other),,"Temperature, water",,20.7,deg C,,Final,,Actual,,,,,,,,,,,,,FDEP FT1400,21FLWQSP_WQX,FDEP FT1400,,,,,,,,,STORET
21FLWQSP_WQX,"FDEP, Water Quality Standards and Special Projects (Florida)",21FLWQSP_WQX-CHIPOLA REF-10/25/23,Sample-Routine,Water,Surface Water,2023-10-25,10:40:00,EST,2023-10-25,10:40:00,EST,.1,m,,,,,,SCIREF,FDEP WATER QUALITY STANDARDS PROGRAM,21FLWQSP_WQX-31020012,,,,,Direct Grab,21FLWQSP_WQX,Direct Grab,Water Bottle,,Aluminum,Total,45,ug/L,,Final,,Actual,,,,,,,,,,,,,200.8,USEPA,200.8 ~ EPA; Metals in Waters by ICP/MS,https://www.nemi.gov/methods/method_summary/4665/,E31780,2023-11-01,,Practical Quantitation Limit,20,ug/L,,STORET
21FLWQSP_WQX,"FDEP, Water Quality Standards and Special Projects (Florida)",21FLWQSP_WQX-CHIPOLA REF-10/25/23,Sample-Routine,Water,Surface Water,2023-10-25,10:40:00,EST,2023-10-25,10:40:00,EST,.1,m,,,,,,SCIREF,FDEP WATER QUALITY STANDARDS PROGRAM,21FLWQSP_WQX-31020012,,,,,Direct Grab,21FLWQSP_WQX,Direct Grab,Water Bottle,,Sulfate,Total,1.9,mg/L,,Final,,Calculated,,,,,,**A**,,,,,,,300.0,USEPA,300.0 ~ EPA; Determination of Inorganic Anions by Ion Chromatography,https://www.nemi.gov/methods/method_summary/4680/,E31780,2023-11-06,,Practical Quantitation Limit,.5,mg/L,,STORET
21FLWQSP_WQX,"FDEP, Water Quality Standards and Special Projects (Florida)",21FLWQSP_WQX-CHIPOLA REF-10/25/23,Sample-Routine,Water,Surface Water,2023-10-25,10:40:00,EST,2023-10-25,10:40:00,EST,.1,m,,,,,,SCIREF,FDEP WATER QUALITY STANDARDS PROGRAM,21FLWQSP_WQX-31020012,,,,,Direct Grab,21FLWQSP_WQX,Direct Grab,Water Bottle,,Tin,Total,3,ug/L,,Final,,Actual,,,,,,**U**,,,,,,,200.7,USEPA,Metals in Water by ICP-AES,https://www.nemi.gov/methods/method_summary/4690/,E31780,2023-10-31,,Practical Quantitation Limit,12,ug/L,,STORET
21FLWQSP_WQX,"FDEP, Water Quality Standards and Special Projects (Florida)",21FLWQSP_WQX-CHIPOLA REF-10/25/23,Sample-Routine,Water,Surface Water,2023-10-25,10:40:00,EST,2023-10-25,10:40:00,EST,.1,m,,,,,,SCIREF,FDEP WATER QUALITY STANDARDS PROGRAM,21FLWQSP_WQX-31020012,,,,,Direct Grab,21FLWQSP_WQX,Direct Grab,Water Bottle,,Diuron,Total,0.002,ug/L,,Final,,Actual,,,,,,**U**,,,,,,,8321,USEPA,Non-Volatile Compounds by HPLC,,E31780,2023-10-31,,Practical Quantitation Limit,.008,ug/L,,STORET
21FLWQSP_WQX,"FDEP, Water Quality Standards and Special Projects (Florida)",21FLWQSP_WQX-CHIPOLA REF-10/25/23,Sample-Routine,Water,Surface Water,2023-10-25,10:40:00,EST,2023-10-25,10:40:00,EST,.1,m,,,,,,SCIREF,FDEP WATER QUALITY STANDARDS PROGRAM,21FLWQSP_WQX-31020012,,,,,Direct Grab,21FLWQSP_WQX,Direct Grab,Water Bottle,,Diazinon,Total,0.13,ng/L,,Final,,Actual,,,,,,**U**MS accuracy for some parameters not assessed due to high content of these parameters in the sample spiked.  Refer to the Lab Analysis Report for an explanation of QC Codes.,,,,,,,EPA 8270,21FLWQSP_WQX,EPA 8270,,E31780,2023-11-02,,Practical Quantitation Limit,.67,ng/L,,STORET
21FLWQSP_WQX,"FDEP, Water Quality Standards and Special Projects (Florida)",21FLWQSP_WQX-CHIPOLA REF-10/25/23,Sample-Routine,Water,Surface Water,2023-10-25,10:40:00,EST,2023-10-25,10:40:00,EST,.1,m,,,,,,SCIREF,FDEP WATER QUALITY STANDARDS PROGRAM,21FLWQSP_WQX-31020012,,,,,Direct Grab,21FLWQSP_WQX,Direct Grab,Water Bottle,,Dimethenamid,Total,0.11,ng/L,,Final,,Actual,,,,,,**U**MS accuracy for some parameters not assessed due to high content of these parameters in the sample spiked.  Refer to the Lab Analysis Report for an explanation of QC Codes.,,,,,,,EPA 8270,21FLWQSP_WQX,EPA 8270,,E31780,2023-11-02,,Practical Quantitation Limit,.54,ng/L,,STORET
21FLWQSP_WQX,"FDEP, Water Quality Standards and Special Projects (Florida)",21FLWQSP_WQX-CHIPOLA REF-10/25/23,Sample-Routine,Water,Surface Water,2023-10-25,10:40:00,EST,2023-10-25,10:40:00,EST,.1,m,,,,,,SCIREF,FDEP WATER QUALITY STANDARDS PROGRAM,21FLWQSP_WQX-31020012,,,,,Direct Grab,21FLWQSP_WQX,Direct Grab,Water Bottle,,Nitrate + Nitrite,Total,1.4,mg/L,,Final,,Actual,,,,,,,,,,,,,353.2,USEPA,Nitrate-Nitrite Nitrogen by Colorimetry,https://www.nemi.gov/methods/method_summary/4702/,E31780,2023-10-30,,Practical Quantitation Limit,.05,mg/L,,STORET
21FLWQSP_WQX,"FDEP, Water Quality Standards and Special Projects (Florida)",21FLWQSP_WQX-CHIPOLA REF-10/25/23,Sample-Routine,Water,Surface Water,2023-10-25,10:40:00,EST,2023-10-25,10:40:00,EST,.1,m,,,,,,SCIREF,FDEP WATER QUALITY STANDARDS PROGRAM,21FLWQSP_WQX-31020012,,,,,Direct Grab,21FLWQSP_WQX,Direct Grab,Water Bottle,,Dechlorane 602,Total,5.4,ng/L,,Final,,Actual,,,,,,**U**Refer to the Lab Analysis Report for an explanation of QC Codes.,,,,,,,EPA 8270,21FLWQSP_WQX,EPA 8270,,E31780,2023-11-01,,Practical Quantitation Limit,16,ng/L,,STORET
21FLWQSP_WQX,"FDEP, Water Quality Standards and Special Projects (Florida)",21FLWQSP_WQX-CHIPOLA REF-10/25/23,Sample-Routine,Water,Surface Water,2023-10-25,10:40:00,EST,2023-10-25,10:40:00,EST,.1,m,,,,,,SCIREF,FDEP WATER QUALITY STANDARDS PROGRAM,21FLWQSP_WQX-31020012,,,,,Direct Grab,21FLWQSP_WQX,Direct Grab,Water Bottle,,"2-(2H-Benzotriazol-2-yl)-4,6-di-tert-pentylphenol",Total,65,ng/L,,Final,,Actual,,,,,,**U**Refer to the Lab Analysis Report for an explanation of QC Codes.,,,,,,,EPA 8270,21FLWQSP_WQX,EPA 8270,,E31780,2023-11-01,,Practical Quantitation Limit,260,ng/L,,STORET
21FLWQSP_WQX,"FDEP, Water Quality Standards and Special Projects (Florida)",21FLWQSP_WQX-CHIPOLA REF-10/25/23,Sample-Routine,Water,Surface Water,2023-10-25,10:40:00,EST,2023-10-25,10:40:00,EST,.1,m,,,,,,SCIREF,FDEP WATER QUALITY STANDARDS PROGRAM,21FLWQSP_WQX-31020012,,,,,Direct Grab,21FLWQSP_WQX,Direct Grab,Water Bottle,,Dimethomorph,Total,0.32,ng/L,,Final,,Actual,,,,,,**U**MS accuracy for some parameters not assessed due to high content of these parameters in the sample spiked.  Refer to the Lab Analysis Report for an explanation of QC Codes.,,,,,,,EPA 8270,21FLWQSP_WQX,EPA 8270,,E31780,2023-11-02,,Practical Quantitation Limit,1.6,ng/L,,STORET
21FLWQSP_WQX,"FDEP, Water Quality Standards and Special Projects (Florida)",21FLWQSP_WQX-CHIPOLA REF-10/25/23,Sample-Routine,Water,Surface Water,2023-10-25,10:40:00,EST,2023-10-25,10:40:00,EST,.1,m,,,,,,SCIREF,FDEP WATER QUALITY STANDARDS PROGRAM,21FLWQSP_WQX-31020012,,,,,Direct Grab,21FLWQSP_WQX,Direct Grab,Water Bottle,,Barium,Total,11.1,ug/L,,Final,,Actual,,,,,,,,,,,,,200.8,USEPA,200.8 ~ EPA; Metals in Waters by ICP/MS,https://www.nemi.gov/methods/method_summary/4665/,E31780,2023-11-01,,Practical Quantitation Limit,.8,ug/L,,STORET
21FLWQSP_WQX,"FDEP, Water Quality Standards and Special Projects (Florida)",21FLWQSP_WQX-CHIPOLA REF-10/25/23,Sample-Routine,Water,Surface Water,2023-10-25,10:40:00,EST,2023-10-25,10:40:00,EST,.1,m,,,,,,SCIREF,FDEP WATER QUALITY STANDARDS PROGRAM,21FLWQSP_WQX-31020012,,,,,Direct Grab,21FLWQSP_WQX,Direct Grab,Water Bottle,,Strontium,Total,51.8,ug/L,,Final,,Actual,,,,,,,,,,,,,200.7,USEPA,Metals in Water by ICP-AES,https://www.nemi.gov/methods/method_summary/4690/,E31780,2023-10-31,,Practical Quantitation Limit,8,ug/L,,STORET
21FLWQSP_WQX,"FDEP, Water Quality Standards and Special Projects (Florida)",21FLWQSP_WQX-CHIPOLA REF-10/25/23,Sample-Routine,Water,Surface Water,2023-10-25,10:40:00,EST,2023-10-25,10:40:00,EST,.1,m,,,,,,SCIREF,FDEP WATER QUALITY STANDARDS PROGRAM,21FLWQSP_WQX-31020012,,,,,Direct Grab,21FLWQSP_WQX,Direct Grab,Water Bottle,,Atrazine,Total,1.2,ng/L,,Final,,Actual,,,,,,MS accuracy for some parameters not assessed due to high content of these parameters in the sample spiked.  Refer to the Lab Analysis Report for an explanation of QC Codes.,,,,,,,EPA 8270,21FLWQSP_WQX,EPA 8270,,E31780,2023-11-02,,Practical Quantitation Limit,1.1,ng/L,,STORET
21FLWQSP_WQX,"FDEP, Water Quality Standards and Special Projects (Florida)",21FLWQSP_WQX-CHIPOLA REF-10/25/23,Sample-Routine,Water,Surface Water,2023-10-25,10:40:00,EST,2023-10-25,10:40:00,EST,.1,m,,,,,,SCIREF,FDEP WATER QUALITY STANDARDS PROGRAM,21FLWQSP_WQX-31020012,,,,,Direct Grab,21FLWQSP_WQX,Direct Grab,Water Bottle,,Cobalt,Total,0.037,ug/L,,Final,,Actual,,,,,,**I**,,,,,,,200.8,USEPA,200.8 ~ EPA; Metals in Waters by ICP/MS,https://www.nemi.gov/methods/method_summary/4665/,E31780,2023-11-01,,Practical Quantitation Limit,.08,ug/L,,STORET
21FLWQSP_WQX,"FDEP, Water Quality Standards and Special Projects (Florida)",21FLWQSP_WQX-CHIPOLA REF-10/25/23,Sample-Routine,Water,Surface Water,2023-10-25,10:40:00,EST,2023-10-25,10:40:00,EST,.1,m,,,,,,SCIREF,FDEP WATER QUALITY STANDARDS PROGRAM,21FLWQSP_WQX-31020012,,,,,Direct Grab,21FLWQSP_WQX,Direct Grab,Water Bottle,,Propiconazole,Total,0.65,ng/L,,Final,,Actual,,,,,,**U**MS accuracy for some parameters not assessed due to high content of these parameters in the sample spiked.  Refer to the Lab Analysis Report for an explanation of QC Codes.,,,,,,,EPA 8270,21FLWQSP_WQX,EPA 8270,,E31780,2023-11-02,,Practical Quantitation Limit,3.2,ng/L,,STORET
21FLWQSP_WQX,"FDEP, Water Quality Standards and Special Projects (Florida)",21FLWQSP_WQX-CHIPOLA REF-10/25/23,Sample-Routine,Water,Surface Water,2023-10-25,10:40:00,EST,2023-10-25,10:40:00,EST,.1,m,,,,,,SCIREF,FDEP WATER QUALITY STANDARDS PROGRAM,21FLWQSP_WQX-31020012,,,,,Direct Grab,21FLWQSP_WQX,Direct Grab,Water Bottle,,Manganese,Total,16.3,ug/L,,Final,,Actual,,,,,,,,,,,,,200.8,USEPA,200.8 ~ EPA; Metals in Waters by ICP/MS,https://www.nemi.gov/methods/method_summary/4665/,E31780,2023-11-01,,Practical Quantitation Limit,.4,ug/L,,STORET
21FLWQSP_WQX,"FDEP, Water Quality Standards and Special Projects (Florida)",21FLWQSP_WQX-CHIPOLA REF-10/25/23,Sample-Routine,Water,Surface Water,2023-10-25,10:40:00,EST,2023-10-25,10:40:00,EST,.1,m,,,,,,SCIREF,FDEP WATER QUALITY STANDARDS PROGRAM,21FLWQSP_WQX-31020012,,,,,Direct Grab,21FLWQSP_WQX,Direct Grab,Water Bottle,,Bentazon,Total,0.0011,ug/L,,Final,,Actual,,,,,,**I**,,,,,,,8321,USEPA,Non-Volatile Compounds by HPLC,,E31780,2023-10-31,,Practical Quantitation Limit,.0032,ug/L,,STORET
21FLWQSP_WQX,"FDEP, Water Quality Standards and Special Projects (Florida)",21FLWQSP_WQX-CHIPOLA REF-10/25/23,Sample-Routine,Water,Surface Water,2023-10-25,10:40:00,EST,2023-10-25,10:40:00,EST,.1,m,,,,,,SCIREF,FDEP WATER QUALITY STANDARDS PROGRAM,21FLWQSP_WQX-31020012,,,,,Direct Grab,21FLWQSP_WQX,Direct Grab,Water Bottle,,Myclobutanil,Total,0.38,ng/L,,Final,,Actual,,,,,,**U**MS accuracy for some parameters not assessed due to high content of these parameters in the sample spiked.  Refer to the Lab Analysis Report for an explanation of QC Codes.,,,,,,,EPA 8270,21FLWQSP_WQX,EPA 8270,,E31780,2023-11-02,,Practical Quantitation Limit,1.9,ng/L,,STORET
21FLWQSP_WQX,"FDEP, Water Quality Standards and Special Projects (Florida)",21FLWQSP_WQX-CHIPOLA REF-10/25/23,Sample-Routine,Water,Surface Water,2023-10-25,10:40:00,EST,2023-10-25,10:40:00,EST,.1,m,,,,,,SCIREF,FDEP WATER QUALITY STANDARDS PROGRAM,21FLWQSP_WQX-31020012,,,,,Direct Grab,21FLWQSP_WQX,Direct Grab,Water Bottle,,Pentabromotoluene,Total,3.2,ng/L,,Final,,Actual,,,,,,**U**Refer to the Lab Analysis Report for an explanation of QC Codes.,,,,,,,EPA 8270,21FLWQSP_WQX,EPA 8270,,E31780,2023-11-01,,Practical Quantitation Limit,9.7,ng/L,,STORET
21FLWQSP_WQX,"FDEP, Water Quality Standards and Special Projects (Florida)",21FLWQSP_WQX-CHIPOLA REF-10/25/23,Sample-Routine,Water,Surface Water,2023-10-25,10:40:00,EST,2023-10-25,10:40:00,EST,.1,m,,,,,,SCIREF,FDEP WATER QUALITY STANDARDS PROGRAM,21FLWQSP_WQX-31020012,,,,,Direct Grab,21FLWQSP_WQX,Direct Grab,Water Bottle,,Propargite,Total,0.86,ng/L,,Final,,Actual,,,,,,**U**MS accuracy for some parameters not assessed due to high content of these parameters in the sample spiked.  Refer to the Lab Analysis Report for an explanation of QC Codes.,,,,,,,EPA 8270,21FLWQSP_WQX,EPA 8270,,E31780,2023-11-02,,Practical Quantitation Limit,4.3,ng/L,,STORET
21FLWQSP_WQX,"FDEP, Water Quality Standards and Special Projects (Florida)",21FLWQSP_WQX-CHIPOLA REF-10/25/23,Sample-Routine,Water,Surface Water,2023-10-25,10:40:00,EST,2023-10-25,10:40:00,EST,.1,m,,,,,,SCIREF,FDEP WATER QUALITY STANDARDS PROGRAM,21FLWQSP_WQX-31020012,,,,,Direct Grab,21FLWQSP_WQX,Direct Grab,Water Bottle,,Escherichia coli,Total,23.3,MPN/100mL,,Final,,Actual,,,,,,Precision data is unavailable for E. coli due to the small amount of analyte in the QC sample for the batch.,,,,,,,9223-B,APHA,9223 B ~ Enzyme substrate assay for measuring total coliforms and E. coli (ONPG-MUG test or CPRG-MUG test),https://www.nemi.gov/methods/method_summary/5583/,E31780,2023-10-26,,Practical Quantitation Limit,1,MPN/100mL,,STORET
21FLWQSP_WQX,"FDEP, Water Quality Standards and Special Projects (Florida)",21FLWQSP_WQX-CHIPOLA REF-10/25/23,Sample-Routine,Water,Surface Water,2023-10-25,10:40:00,EST,2023-10-25,10:40:00,EST,.1,m,,,,,,SCIREF,FDEP WATER QUALITY STANDARDS PROGRAM,21FLWQSP_WQX-31020012,,,,,Direct Grab,21FLWQSP_WQX,Direct Grab,Water Bottle,,Fluoride,Total,0.068,mg/L,,Final,,Actual,,,,,,**I**,,,,,,,4500-F-C,APHA,4500 F C ~ Fluoride in Water Using an ISE,https://www.nemi.gov/methods/method_summary/5709/,E31780,2023-10-30,,Practical Quantitation Limit,.1,mg/L,,STORET
21FLWQSP_WQX,"FDEP, Water Quality Standards and Special Projects (Florida)",21FLWQSP_WQX-CHIPOLA REF-10/25/23,Sample-Routine,Water,Surface Water,2023-10-25,10:40:00,EST,2023-10-25,10:40:00,EST,.1,m,,,,,,SCIREF,FDEP WATER QUALITY STANDARDS PROGRAM,21FLWQSP_WQX-31020012,,,,,Direct Grab,21FLWQSP_WQX,Direct Grab,Water Bottle,,Azoxystrobin,Total,0.43,ng/L,,Final,,Actual,,,,,,**U**MS accuracy for some parameters not assessed due to high content of these parameters in the sample spiked.  Refer to the Lab Analysis Report for an explanation of QC Codes.,,,,,,,EPA 8270,21FLWQSP_WQX,EPA 8270,,E31780,2023-11-02,,Practical Quantitation Limit,2.2,ng/L,,STORET
21FLWQSP_WQX,"FDEP, Water Quality Standards and Special Projects (Florida)",21FLWQSP_WQX-CHIPOLA REF-10/25/23,Sample-Routine,Water,Surface Water,2023-10-25,10:40:00,EST,2023-10-25,10:40:00,EST,.1,m,,,,,,SCIREF,FDEP WATER QUALITY STANDARDS PROGRAM,21FLWQSP_WQX-31020012,,,,,Direct Grab,21FLWQSP_WQX,Direct Grab,Water Bottle,,Avobenzone,Total,110,ng/L,,Final,,Actual,,,,,,**U**Refer to the Lab Analysis Report for an explanation of QC Codes.,,,,,,,EPA 8270,21FLWQSP_WQX,EPA 8270,,E31780,2023-11-01,,Practical Quantitation Limit,320,ng/L,,STORET
21FLWQSP_WQX,"FDEP, Water Quality Standards and Special Projects (Florida)",21FLWQSP_WQX-CHIPOLA REF-10/25/23,Sample-Routine,Water,Surface Water,2023-10-25,10:40:00,EST,2023-10-25,10:40:00,EST,.1,m,,,,,,SCIREF,FDEP WATER QUALITY STANDARDS PROGRAM,21FLWQSP_WQX-31020012,,,,,Direct Grab,21FLWQSP_WQX,Direct Grab,Water Bottle,,Terbuthylazine,Total,0.22,ng/L,,Final,,Actual,,,,,,**U**MS accuracy for some parameters not assessed due to high content of these parameters in the sample spiked.  Refer to the Lab Analysis Report for an explanation of QC Codes.,,,,,,,EPA 8270,21FLWQSP_WQX,EPA 8270,,E31780,2023-11-02,,Practical Quantitation Limit,1.1,ng/L,,STORET
21FLWQSP_WQX,"FDEP, Water Quality Standards and Special Projects (Florida)",21FLWQSP_WQX-CHIPOLA REF-10/25/23,Sample-Routine,Water,Surface Water,2023-10-25,10:40:00,EST,2023-10-25,10:40:00,EST,.1,m,,,,,,SCIREF,FDEP WATER QUALITY STANDARDS PROGRAM,21FLWQSP_WQX-31020012,,,,,Direct Grab,21FLWQSP_WQX,Direct Grab,Water Bottle,,"2,2',4,4'-Tetrabromodiphenyl ether",Total,4.3,ng/L,,Final,,Actual,,,,,,**U**Refer to the Lab Analysis Report for an explanation of QC Codes.,,,,,,,EPA 8270,21FLWQSP_WQX,EPA 8270,,E31780,2023-11-01,,Practical Quantitation Limit,13,ng/L,,STORET
21FLWQSP_WQX,"FDEP, Water Quality Standards and Special Projects (Florida)",21FLWQSP_WQX-CHIPOLA REF-10/25/23,Sample-Routine,Water,Surface Water,2023-10-25,10:40:00,EST,2023-10-25,10:40:00,EST,.1,m,,,,,,SCIREF,FDEP WATER QUALITY STANDARDS PROGRAM,21FLWQSP_WQX-31020012,,,,,Direct Grab,21FLWQSP_WQX,Direct Grab,Water Bottle,,Acesulfame,Total,0.1,ug/L,,Final,,Actual,,,,,,**U**,,,,,,,8321,USEPA,Non-Volatile Compounds by HPLC,,E31780,2023-10-27,,Practical Quantitation Limit,.4,ug/L,,STORET
21FLWQSP_WQX,"FDEP, Water Quality Standards and Special Projects (Florida)",21FLWQSP_WQX-CHIPOLA REF-10/25/23,Sample-Routine,Water,Surface Water,2023-10-25,10:40:00,EST,2023-10-25,10:40:00,EST,.1,m,,,,,,SCIREF,FDEP WATER QUALITY STANDARDS PROGRAM,21FLWQSP_WQX-31020012,,,,,Direct Grab,21FLWQSP_WQX,Direct Grab,Water Bottle,,Naled,Total,2.7,ng/L,,Final,,Actual,,,,,,**U**MS accuracy for some parameters not assessed due to high content of these parameters in the sample spiked.  Refer to the Lab Analysis Report for an explanation of QC Codes.,,,,,,,EPA 8270,21FLWQSP_WQX,EPA 8270,,E31780,2023-11-02,,Practical Quantitation Limit,13,ng/L,,STORET
21FLWQSP_WQX,"FDEP, Water Quality Standards and Special Projects (Florida)",21FLWQSP_WQX-CHIPOLA REF-10/25/23,Sample-Routine,Water,Surface Water,2023-10-25,10:40:00,EST,2023-10-25,10:40:00,EST,.1,m,,,,,,SCIREF,FDEP WATER QUALITY STANDARDS PROGRAM,21FLWQSP_WQX-31020012,,,,,Direct Grab,21FLWQSP_WQX,Direct Grab,Water Bottle,,Thiamethoxam,Total,0.002,ug/L,,Final,,Actual,,,,,,**U**,,,,,,,8321,USEPA,Non-Volatile Compounds by HPLC,,E31780,2023-10-31,,Practical Quantitation Limit,.008,ug/L,,STORET
21FLWQSP_WQX,"FDEP, Water Quality Standards and Special Projects (Florida)",21FLWQSP_WQX-CHIPOLA REF-10/25/23,Sample-Routine,Water,Surface Water,2023-10-25,10:40:00,EST,2023-10-25,10:40:00,EST,.1,m,,,,,,SCIREF,FDEP WATER QUALITY STANDARDS PROGRAM,21FLWQSP_WQX-31020012,,,,,Direct Grab,21FLWQSP_WQX,Direct Grab,Water Bottle,,Metalaxyl,Total,0.54,ng/L,,Final,,Actual,,,,,,**U**MS accuracy for some parameters not assessed due to high content of these parameters in the sample spiked.  Refer to the Lab Analysis Report for an explanation of QC Codes.,,,,,,,EPA 8270,21FLWQSP_WQX,EPA 8270,,E31780,2023-11-02,,Practical Quantitation Limit,2.7,ng/L,,STORET
21FLWQSP_WQX,"FDEP, Water Quality Standards and Special Projects (Florida)",21FLWQSP_WQX-CHIPOLA REF-10/25/23,Sample-Routine,Water,Surface Water,2023-10-25,10:40:00,EST,2023-10-25,10:40:00,EST,.1,m,,,,,,SCIREF,FDEP WATER QUALITY STANDARDS PROGRAM,21FLWQSP_WQX-31020012,,,,,Direct Grab,21FLWQSP_WQX,Direct Grab,Water Bottle,,Turbidity,,1.6,NTU,,Final,,Actual,,,,,,,,,,,,,180.1,USEPA,Turbidity by Nephelometry,https://www.nemi.gov/methods/method_summary/5217/,E31780,2023-10-26,,Practical Quantitation Limit,1,NTU,,STORET
21FLWQSP_WQX,"FDEP, Water Quality Standards and Special Projects (Florida)",21FLWQSP_WQX-CHIPOLA REF-10/25/23,Sample-Routine,Water,Surface Water,2023-10-25,10:40:00,EST,2023-10-25,10:40:00,EST,.1,m,,,,,,SCIREF,FDEP WATER QUALITY STANDARDS PROGRAM,21FLWQSP_WQX-31020012,,,,,Direct Grab,21FLWQSP_WQX,Direct Grab,Water Bottle,,Azinphos-methyl,Total,3.2,ng/L,,Final,,Actual,,,,,,**U**MS accuracy for some parameters not assessed due to high content of these parameters in the sample spiked.  Refer to the Lab Analysis Report for an explanation of QC Codes.,,,,,,,EPA 8270,21FLWQSP_WQX,EPA 8270,,E31780,2023-11-02,,Practical Quantitation Limit,16,ng/L,,STORET
21FLWQSP_WQX,"FDEP, Water Quality Standards and Special Projects (Florida)",21FLWQSP_WQX-CHIPOLA REF-10/25/23,Sample-Routine,Water,Surface Water,2023-10-25,10:40:00,EST,2023-10-25,10:40:00,EST,.1,m,,,,,,SCIREF,FDEP WATER QUALITY STANDARDS PROGRAM,21FLWQSP_WQX-31020012,,,,,Direct Grab,21FLWQSP_WQX,Direct Grab,Water Bottle,,Glufosinate-ammonium,Total,0.1,ug/L,,Final,,Actual,,,,,,**U**,,,,,,,8321,USEPA,Non-Volatile Compounds by HPLC,,E31780,2023-10-26,,Practical Quantitation Limit,.4,ug/L,,STORET
21FLWQSP_WQX,"FDEP, Water Quality Standards and Special Projects (Florida)",21FLWQSP_WQX-CHIPOLA REF-10/25/23,Sample-Routine,Water,Surface Water,2023-10-25,10:40:00,EST,2023-10-25,10:40:00,EST,.1,m,,,,,,SCIREF,FDEP WATER QUALITY STANDARDS PROGRAM,21FLWQSP_WQX-31020012,,,,,Direct Grab,21FLWQSP_WQX,Direct Grab,Water Bottle,,Chloride,Total,6.1,mg/L,,Final,,Calculated,,,,,,**A**,,,,,,,300.0,USEPA,300.0 ~ EPA; Determination of Inorganic Anions by Ion Chromatography,https://www.nemi.gov/methods/method_summary/4680/,E31780,2023-11-06,,Practical Quantitation Limit,.5,mg/L,,STORET
21FLWQSP_WQX,"FDEP, Water Quality Standards and Special Projects (Florida)",21FLWQSP_WQX-CHIPOLA REF-10/25/23,Sample-Routine,Water,Surface Water,2023-10-25,10:40:00,EST,2023-10-25,10:40:00,EST,.1,m,,,,,,SCIREF,FDEP WATER QUALITY STANDARDS PROGRAM,21FLWQSP_WQX-31020012,,,,,Direct Grab,21FLWQSP_WQX,Direct Grab,Water Bottle,,Mandestrobin,Total,0.002,ug/L,,Final,,Actual,,,,,,**U**,,,,,,,8321,USEPA,Non-Volatile Compounds by HPLC,,E31780,2023-10-31,,Practical Quantitation Limit,.008,ug/L,,STORET
21FLWQSP_WQX,"FDEP, Water Quality Standards and Special Projects (Florida)",21FLWQSP_WQX-CHIPOLA REF-10/25/23,Sample-Routine,Water,Surface Water,2023-10-25,10:40:00,EST,2023-10-25,10:40:00,EST,.1,m,,,,,,SCIREF,FDEP WATER QUALITY STANDARDS PROGRAM,21FLWQSP_WQX-31020012,,,,,Direct Grab,21FLWQSP_WQX,Direct Grab,Water Bottle,,Acetamiprid,Total,0.002,ug/L,,Final,,Actual,,,,,,**U**,,,,,,,8321,USEPA,Non-Volatile Compounds by HPLC,,E31780,2023-10-31,,Practical Quantitation Limit,.008,ug/L,,STORET
21FLWQSP_WQX,"FDEP, Water Quality Standards and Special Projects (Florida)",21FLWQSP_WQX-CHIPOLA REF-10/25/23-FP1,Field Msr/Obs,Water,Surface Water,2023-10-25,10:40:00,EST,2023-10-25,10:40:00,EST,.1,m,,,,,,SCIREF,FDEP WATER QUALITY STANDARDS PROGRAM,21FLWQSP_WQX-31020012,,,,,Field Test-Discrete,21FLWQSP_WQX,Field Testing- Discrete,Miscellaneous (Other),,Specific conductance,,264.9,umho/cm,,Final,,Actual,,,,,,,,,,,,,FDEP FT1200,21FLWQSP_WQX,FDEP FT1200,,,,,,,,,STORET
21FLWQSP_WQX,"FDEP, Water Quality Standards and Special Projects (Florida)",21FLWQSP_WQX-CHIPOLA REF-10/25/23,Sample-Routine,Water,Surface Water,2023-10-25,10:40:00,EST,2023-10-25,10:40:00,EST,.1,m,,,,,,SCIREF,FDEP WATER QUALITY STANDARDS PROGRAM,21FLWQSP_WQX-31020012,,,,,Direct Grab,21FLWQSP_WQX,Direct Grab,Water Bottle,,Titanium,Total,1.7,ug/L,,Final,,Actual,,,,,,**I**,,,,,,,200.7,USEPA,Metals in Water by ICP-AES,https://www.nemi.gov/methods/method_summary/4690/,E31780,2023-10-31,,Practical Quantitation Limit,3,ug/L,,STORET
21FLWQSP_WQX,"FDEP, Water Quality Standards and Special Projects (Florida)",21FLWQSP_WQX-CHIPOLA REF-10/25/23,Sample-Routine,Water,Surface Water,2023-10-25,10:40:00,EST,2023-10-25,10:40:00,EST,.1,m,,,,,,SCIREF,FDEP WATER QUALITY STANDARDS PROGRAM,21FLWQSP_WQX-31020012,,,,,Direct Grab,21FLWQSP_WQX,Direct Grab,Water Bottle,,Pyraclostrobin,Total,0.002,ug/L,,Final,,Actual,,,,,,**U**,,,,,,,8321,USEPA,Non-Volatile Compounds by HPLC,,E31780,2023-10-31,,Practical Quantitation Limit,.008,ug/L,,STORET
21FLWQSP_WQX,"FDEP, Water Quality Standards and Special Projects (Florida)",21FLWQSP_WQX-CHIPOLA REF-10/25/23,Sample-Routine,Water,Surface Water,2023-10-25,10:40:00,EST,2023-10-25,10:40:00,EST,.1,m,,,,,,SCIREF,FDEP WATER QUALITY STANDARDS PROGRAM,21FLWQSP_WQX-31020012,,,,,Direct Grab,21FLWQSP_WQX,Direct Grab,Water Bottle,,Disulfoton,Total,0.65,ng/L,,Final,,Actual,,,,,,**U**MS accuracy for some parameters not assessed due to high content of these parameters in the sample spiked.  Refer to the Lab Analysis Report for an explanation of QC Codes.,,,,,,,EPA 8270,21FLWQSP_WQX,EPA 8270,,E31780,2023-11-02,,Practical Quantitation Limit,3.2,ng/L,,STORET
21FLWQSP_WQX,"FDEP, Water Quality Standards and Special Projects (Florida)",21FLWQSP_WQX-CHIPOLA REF-10/25/23,Sample-Routine,Water,Surface Water,2023-10-25,10:40:00,EST,2023-10-25,10:40:00,EST,.1,m,,,,,,SCIREF,FDEP WATER QUALITY STANDARDS PROGRAM,21FLWQSP_WQX-31020012,,,,,Direct Grab,21FLWQSP_WQX,Direct Grab,Water Bottle,,Triclopyr,Total,0.004,ug/L,,Final,,Actual,,,,,,**U**,,,,,,,8321,USEPA,Non-Volatile Compounds by HPLC,,E31780,2023-10-31,,Practical Quantitation Limit,.016,ug/L,,STORET
21FLWQSP_WQX,"FDEP, Water Quality Standards and Special Projects (Florida)",21FLWQSP_WQX-CHIPOLA REF-10/25/23,Sample-Routine,Water,Surface Water,2023-10-25,10:40:00,EST,2023-10-25,10:40:00,EST,.1,m,,,,,,SCIREF,FDEP WATER QUALITY STANDARDS PROGRAM,21FLWQSP_WQX-31020012,,,,,Direct Grab,21FLWQSP_WQX,Direct Grab,Water Bottle,,Prometon,Total,3.2,ng/L,,Final,,Estimated,,,,,,**UJ**MS accuracy for some parameters not assessed due to high content of these parameters in the sample spiked.  Refer to the Lab Analysis Report for an explanation of QC Codes.,,,,,,,EPA 8270,21FLWQSP_WQX,EPA 8270,,E31780,2023-11-02,,Practical Quantitation Limit,16,ng/L,,STORET
21FLWQSP_WQX,"FDEP, Water Quality Standards and Special Projects (Florida)",21FLWQSP_WQX-CHIPOLA REF-10/25/23,Sample-Routine,Water,Surface Water,2023-10-25,10:40:00,EST,2023-10-25,10:40:00,EST,.1,m,,,,,,SCIREF,FDEP WATER QUALITY STANDARDS PROGRAM,21FLWQSP_WQX-31020012,,,,,Direct Grab,21FLWQSP_WQX,Direct Grab,Water Bottle,,DG3 DNA marker,Total,640,tsc/100mL,,Final,,Actual,,,,,,**U**,,,,,,,PCR-1.5,21FLWQSP_WQX,PCR-1.5,,E31780,2023-11-20,,Practical Quantitation Limit,3200,tsc/100mL,,STORET
21FLWQSP_WQX,"FDEP, Water Quality Standards and Special Projects (Florida)",21FLWQSP_WQX-CHIPOLA REF-10/25/23,Sample-Routine,Water,Surface Water,2023-10-25,10:40:00,EST,2023-10-25,10:40:00,EST,.1,m,,,,,,SCIREF,FDEP WATER QUALITY STANDARDS PROGRAM,21FLWQSP_WQX-31020012,,,,,Direct Grab,21FLWQSP_WQX,Direct Grab,Water Bottle,,Fludioxonil,Total,0.11,ng/L,,Final,,Actual,,,,,,**U**MS accuracy for some parameters not assessed due to high content of these parameters in the sample spiked.  Refer to the Lab Analysis Report for an explanation of QC Codes.,,,,,,,EPA 8270,21FLWQSP_WQX,EPA 8270,,E31780,2023-11-02,,Practical Quantitation Limit,.54,ng/L,,STORET
21FLWQSP_WQX,"FDEP, Water Quality Standards and Special Projects (Florida)",21FLWQSP_WQX-CHIPOLA REF-10/25/23,Sample-Routine,Water,Surface Water,2023-10-25,10:40:00,EST,2023-10-25,10:40:00,EST,.1,m,,,,,,SCIREF,FDEP WATER QUALITY STANDARDS PROGRAM,21FLWQSP_WQX-31020012,,,,,Direct Grab,21FLWQSP_WQX,Direct Grab,Water Bottle,,Copper,Total,0.4,ug/L,,Final,,Actual,,,,,,**U**,,,,,,,200.8,USEPA,200.8 ~ EPA; Metals in Waters by ICP/MS,https://www.nemi.gov/methods/method_summary/4665/,E31780,2023-11-01,,Practical Quantitation Limit,.8,ug/L,,STORET
21FLWQSP_WQX,"FDEP, Water Quality Standards and Special Projects (Florida)",21FLWQSP_WQX-CHIPOLA REF-10/25/23,Sample-Routine,Water,Surface Water,2023-10-25,10:40:00,EST,2023-10-25,10:40:00,EST,.1,m,,,,,,SCIREF,FDEP WATER QUALITY STANDARDS PROGRAM,21FLWQSP_WQX-31020012,,,,,Direct Grab,21FLWQSP_WQX,Direct Grab,Water Bottle,,"Benzeneacetic acid, .alpha.-methyl-4-(2-methylpropyl)-",Total,0.08,ug/L,,Final,,Actual,,,,,,**U**,,,,,,,8321,USEPA,Non-Volatile Compounds by HPLC,,E31780,2023-10-31,,Practical Quantitation Limit,.32,ug/L,,STORET
21FLWQSP_WQX,"FDEP, Water Quality Standards and Special Projects (Florida)",21FLWQSP_WQX-CHIPOLA REF-10/25/23,Sample-Routine,Water,Surface Water,2023-10-25,10:40:00,EST,2023-10-25,10:40:00,EST,.1,m,,,,,,SCIREF,FDEP WATER QUALITY STANDARDS PROGRAM,21FLWQSP_WQX-31020012,,,,,Direct Grab,21FLWQSP_WQX,Direct Grab,Water Bottle,,Tri-o-cresyl phosphate,Total,6.5,ng/L,,Final,,Actual,,,,,,**U**Refer to the Lab Analysis Report for an explanation of QC Codes.,,,,,,,EPA 8270,21FLWQSP_WQX,EPA 8270,,E31780,2023-11-01,,Practical Quantitation Limit,19,ng/L,,STORET
21FLWQSP_WQX,"FDEP, Water Quality Standards and Special Projects (Florida)",21FLWQSP_WQX-CHIPOLA REF-10/25/23,Sample-Routine,Water,Surface Water,2023-10-25,10:40:00,EST,2023-10-25,10:40:00,EST,.1,m,,,,,,SCIREF,FDEP WATER QUALITY STANDARDS PROGRAM,21FLWQSP_WQX-31020012,,,,,Direct Grab,21FLWQSP_WQX,Direct Grab,Water Bottle,,Aminomethylphosphonic acid,Total,0.1,ug/L,,Final,,Actual,,,,,,**U**,,,,,,,8321,USEPA,Non-Volatile Compounds by HPLC,,E31780,2023-10-26,,Practical Quantitation Limit,.4,ug/L,,STORET
21FLWQSP_WQX,"FDEP, Water Quality Standards and Special Projects (Florida)",21FLWQSP_WQX-CHIPOLA REF-10/25/23,Sample-Routine,Water,Surface Water,2023-10-25,10:40:00,EST,2023-10-25,10:40:00,EST,.1,m,,,,,,SCIREF,FDEP WATER QUALITY STANDARDS PROGRAM,21FLWQSP_WQX-31020012,,,,,Direct Grab,21FLWQSP_WQX,Direct Grab,Water Bottle,,Hexazinone,Total,1.4,ng/L,,Final,,Actual,,,,,,**I**MS accuracy for some parameters not assessed due to high content of these parameters in the sample spiked.  Refer to the Lab Analysis Report for an explanation of QC Codes.,,,,,,,EPA 8270,21FLWQSP_WQX,EPA 8270,,E31780,2023-11-02,,Practical Quantitation Limit,2.7,ng/L,,STORET
21FLWQSP_WQX,"FDEP, Water Quality Standards and Special Projects (Florida)",21FLWQSP_WQX-CHIPOLA REF-10/25/23,Sample-Routine,Water,Surface Water,2023-10-25,10:40:00,EST,2023-10-25,10:40:00,EST,.1,m,,,,,,SCIREF,FDEP WATER QUALITY STANDARDS PROGRAM,21FLWQSP_WQX-31020012,,,,,Direct Grab,21FLWQSP_WQX,Direct Grab,Water Bottle,,Dithiopyr,Total,1.1,ng/L,,Final,,Estimated,,,,,,**UJ**MS accuracy for some parameters not assessed due to high content of these parameters in the sample spiked.  Refer to the Lab Analysis Report for an explanation of QC Codes.,,,,,,,EPA 8270,21FLWQSP_WQX,EPA 8270,,E31780,2023-11-02,,Practical Quantitation Limit,5.4,ng/L,,STORET
21FLWQSP_WQX,"FDEP, Water Quality Standards and Special Projects (Florida)",21FLWQSP_WQX-CHIPOLA REF-10/25/23,Sample-Routine,Water,Surface Water,2023-10-25,10:40:00,EST,2023-10-25,10:40:00,EST,.1,m,,,,,,SCIREF,FDEP WATER QUALITY STANDARDS PROGRAM,21FLWQSP_WQX-31020012,,,,,Direct Grab,21FLWQSP_WQX,Direct Grab,Water Bottle,,Primidone,Total,0.004,ug/L,,Final,,Actual,,,,,,**U**,,,,,,,8321,USEPA,Non-Volatile Compounds by HPLC,,E31780,2023-10-31,,Practical Quantitation Limit,.016,ug/L,,STORET
21FLWQSP_WQX,"FDEP, Water Quality Standards and Special Projects (Florida)",21FLWQSP_WQX-CHIPOLA REF-10/25/23,Sample-Routine,Water,Surface Water,2023-10-25,10:40:00,EST,2023-10-25,10:40:00,EST,.1,m,,,,,,SCIREF,FDEP WATER QUALITY STANDARDS PROGRAM,21FLWQSP_WQX-31020012,,,,,Direct Grab,21FLWQSP_WQX,Direct Grab,Water Bottle,,Tetrachlorvinphos,Total,0.43,ng/L,,Final,,Actual,,,,,,**U**MS accuracy for some parameters not assessed due to high content of these parameters in the sample spiked.  Refer to the Lab Analysis Report for an explanation of QC Codes.,,,,,,,EPA 8270,21FLWQSP_WQX,EPA 8270,,E31780,2023-11-02,,Practical Quantitation Limit,3.4,ng/L,,STORET
21FLWQSP_WQX,"FDEP, Water Quality Standards and Special Projects (Florida)",21FLWQSP_WQX-CHIPOLA REF-10/25/23,Sample-Routine,Water,Surface Water,2023-10-25,10:40:00,EST,2023-10-25,10:40:00,EST,.1,m,,,,,,SCIREF,FDEP WATER QUALITY STANDARDS PROGRAM,21FLWQSP_WQX-31020012,,,,,Direct Grab,21FLWQSP_WQX,Direct Grab,Water Bottle,,Imazapyr,Total,0.004,ug/L,,Final,,Actual,,,,,,**U**,,,,,,,8321,USEPA,Non-Volatile Compounds by HPLC,,E31780,2023-10-31,,Practical Quantitation Limit,.016,ug/L,,STORET
21FLWQSP_WQX,"FDEP, Water Quality Standards and Special Projects (Florida)",21FLWQSP_WQX-CHIPOLA REF-10/25/23,Sample-Routine,Water,Surface Water,2023-10-25,10:40:00,EST,2023-10-25,10:40:00,EST,.1,m,,,,,,SCIREF,FDEP WATER QUALITY STANDARDS PROGRAM,21FLWQSP_WQX-31020012,,,,,Direct Grab,21FLWQSP_WQX,Direct Grab,Water Bottle,,Boron,Total,11.8,ug/L,,Final,,Actual,,,,,,,,,,,,,200.8,USEPA,200.8 ~ EPA; Metals in Waters by ICP/MS,https://www.nemi.gov/methods/method_summary/4665/,E31780,2023-11-01,,Practical Quantitation Limit,8,ug/L,,STORET
21FLWQSP_WQX,"FDEP, Water Quality Standards and Special Projects (Florida)",21FLWQSP_WQX-CHIPOLA REF-10/25/23,Sample-Routine,Water,Surface Water,2023-10-25,10:40:00,EST,2023-10-25,10:40:00,EST,.1,m,,,,,,SCIREF,FDEP WATER QUALITY STANDARDS PROGRAM,21FLWQSP_WQX-31020012,,,,,Direct Grab,21FLWQSP_WQX,Direct Grab,Water Bottle,,Oxyfluorfen,Total,0.22,ng/L,,Final,,Actual,,,,,,**U**MS accuracy for some parameters not assessed due to high content of these parameters in the sample spiked.  Refer to the Lab Analysis Report for an explanation of QC Codes.,,,,,,,EPA 8270,21FLWQSP_WQX,EPA 8270,,E31780,2023-11-02,,Practical Quantitation Limit,1.1,ng/L,,STORET
21FLWQSP_WQX,"FDEP, Water Quality Standards and Special Projects (Florida)",21FLWQSP_WQX-CHIPOLA REF-10/25/23,Sample-Routine,Water,Surface Water,2023-10-25,10:40:00,EST,2023-10-25,10:40:00,EST,.1,m,,,,,,SCIREF,FDEP WATER QUALITY STANDARDS PROGRAM,21FLWQSP_WQX-31020012,,,,,Direct Grab,21FLWQSP_WQX,Direct Grab,Water Bottle,,Selenium,Total,0.2,ug/L,,Final,,Actual,,,,,,**U**,,,,,,,200.8,USEPA,200.8 ~ EPA; Metals in Waters by ICP/MS,https://www.nemi.gov/methods/method_summary/4665/,E31780,2023-11-01,,Practical Quantitation Limit,.8,ug/L,,STORET
21FLWQSP_WQX,"FDEP, Water Quality Standards and Special Projects (Florida)",21FLWQSP_WQX-CHIPOLA REF-10/25/23,Sample-Routine,Water,Surface Water,2023-10-25,10:40:00,EST,2023-10-25,10:40:00,EST,.1,m,,,,,,SCIREF,FDEP WATER QUALITY STANDARDS PROGRAM,21FLWQSP_WQX-31020012,,,,,Direct Grab,21FLWQSP_WQX,Direct Grab,Water Bottle,,Pyridaben,Total,1.5,ng/L,,Final,,Actual,,,,,,**U**MS accuracy for some parameters not assessed due to high content of these parameters in the sample spiked.  Refer to the Lab Analysis Report for an explanation of QC Codes.,,,,,,,EPA 8270,21FLWQSP_WQX,EPA 8270,,E31780,2023-11-02,,Practical Quantitation Limit,7.5,ng/L,,STORET
21FLWQSP_WQX,"FDEP, Water Quality Standards and Special Projects (Florida)",21FLWQSP_WQX-CHIPOLA REF-10/25/23,Sample-Routine,Water,Surface Water,2023-10-25,10:40:00,EST,2023-10-25,10:40:00,EST,.1,m,,,,,,SCIREF,FDEP WATER QUALITY STANDARDS PROGRAM,21FLWQSP_WQX-31020012,,,,,Direct Grab,21FLWQSP_WQX,Direct Grab,Water Bottle,,Beryllium,Total,0.01,ug/L,,Final,,Actual,,,,,,**U**,,,,,,,200.8,USEPA,200.8 ~ EPA; Metals in Waters by ICP/MS,https://www.nemi.gov/methods/method_summary/4665/,E31780,2023-11-01,,Practical Quantitation Limit,.04,ug/L,,STORET
21FLWQSP_WQX,"FDEP, Water Quality Standards and Special Projects (Florida)",21FLWQSP_WQX-CHIPOLA REF-10/25/23-FP1,Field Msr/Obs,Water,Surface Water,2023-10-25,10:40:00,EST,2023-10-25,10:40:00,EST,.1,m,,,,,,SCIREF,FDEP WATER QUALITY STANDARDS PROGRAM,21FLWQSP_WQX-31020012,,,,,Field Test-Discrete,21FLWQSP_WQX,Field Testing- Discrete,Miscellaneous (Other),,Dissolved oxygen saturation,,92.5,%,,Final,,Actual,,,,,,,,,,,,,FDEP FT1500,21FLWQSP_WQX,FDEP FT1500,,,,,,,,,STORET
21FLWQSP_WQX,"FDEP, Water Quality Standards and Special Projects (Florida)",21FLWQSP_WQX-CHIPOLA REF-10/25/23,Sample-Routine,Water,Surface Water,2023-10-25,10:40:00,EST,2023-10-25,10:40:00,EST,.1,m,,,,,,SCIREF,FDEP WATER QUALITY STANDARDS PROGRAM,21FLWQSP_WQX-31020012,,,,,Direct Grab,21FLWQSP_WQX,Direct Grab,Water Bottle,,Acetochlor,Total,0.22,ng/L,,Final,,Actual,,,,,,**U**MS accuracy for some parameters not assessed due to high content of these parameters in the sample spiked.  Refer to the Lab Analysis Report for an explanation of QC Codes.,,,,,,,EPA 8270,21FLWQSP_WQX,EPA 8270,,E31780,2023-11-02,,Practical Quantitation Limit,1.1,ng/L,,STORET
21FLWQSP_WQX,"FDEP, Water Quality Standards and Special Projects (Florida)",21FLWQSP_WQX-CHIPOLA REF-10/25/23,Sample-Routine,Water,Surface Water,2023-10-25,10:40:00,EST,2023-10-25,10:40:00,EST,.1,m,,,,,,SCIREF,FDEP WATER QUALITY STANDARDS PROGRAM,21FLWQSP_WQX-31020012,,,,,Direct Grab,21FLWQSP_WQX,Direct Grab,Water Bottle,,Prodiamine,Total,0.22,ng/L,,Final,,Actual,,,,,,**U**MS accuracy for some parameters not assessed due to high content of these parameters in the sample spiked.  Refer to the Lab Analysis Report for an explanation of QC Codes.,,,,,,,EPA 8270,21FLWQSP_WQX,EPA 8270,,E31780,2023-11-02,,Practical Quantitation Limit,1.1,ng/L,,STORET
21FLWQSP_WQX,"FDEP, Water Quality Standards and Special Projects (Florida)",21FLWQSP_WQX-CHIPOLA REF-10/25/23,Sample-Routine,Water,Surface Water,2023-10-25,10:40:00,EST,2023-10-25,10:40:00,EST,.1,m,,,,,,SCIREF,FDEP WATER QUALITY STANDARDS PROGRAM,21FLWQSP_WQX-31020012,,,,,Direct Grab,21FLWQSP_WQX,Direct Grab,Water Bottle,,S-Ethyl dipropylthiocarbamate,Total,0.54,ng/L,,Final,,Actual,,,,,,**U**MS accuracy for some parameters not assessed due to high content of these parameters in the sample spiked.  Refer to the Lab Analysis Report for an explanation of QC Codes.,,,,,,,EPA 8270,21FLWQSP_WQX,EPA 8270,,E31780,2023-11-02,,Practical Quantitation Limit,2.7,ng/L,,STORET
21FLWQSP_WQX,"FDEP, Water Quality Standards and Special Projects (Florida)",21FLWQSP_WQX-CHIPOLA REF-10/25/23,Sample-Routine,Water,Surface Water,2023-10-25,10:40:00,EST,2023-10-25,10:40:00,EST,.1,m,,,,,,SCIREF,FDEP WATER QUALITY STANDARDS PROGRAM,21FLWQSP_WQX-31020012,,,,,Direct Grab,21FLWQSP_WQX,Direct Grab,Water Bottle,,Imidacloprid,Total,0.002,ug/L,,Final,,Actual,,,,,,**U**,,,,,,,8321,USEPA,Non-Volatile Compounds by HPLC,,E31780,2023-10-31,,Practical Quantitation Limit,.008,ug/L,,STORET
21FLWQSP_WQX,"FDEP, Water Quality Standards and Special Projects (Florida)",21FLWQSP_WQX-CHIPOLA REF-10/25/23,Sample-Routine,Water,Surface Water,2023-10-25,10:40:00,EST,2023-10-25,10:40:00,EST,.1,m,,,,,,SCIREF,FDEP WATER QUALITY STANDARDS PROGRAM,21FLWQSP_WQX-31020012,,,,,Direct Grab,21FLWQSP_WQX,Direct Grab,Water Bottle,,Malathion,Total,0.38,ng/L,,Final,,Actual,,,,,,**U**MS accuracy for some parameters not assessed due to high content of these parameters in the sample spiked.  Refer to the Lab Analysis Report for an explanation of QC Codes.,,,,,,,EPA 8270,21FLWQSP_WQX,EPA 8270,,E31780,2023-11-02,,Practical Quantitation Limit,1.9,ng/L,,STORET
21FLWQSP_WQX,"FDEP, Water Quality Standards and Special Projects (Florida)",21FLWQSP_WQX-CHIPOLA REF-10/25/23,Sample-Routine,Water,Surface Water,2023-10-25,10:40:00,EST,2023-10-25,10:40:00,EST,.1,m,,,,,,SCIREF,FDEP WATER QUALITY STANDARDS PROGRAM,21FLWQSP_WQX-31020012,,,,,Direct Grab,21FLWQSP_WQX,Direct Grab,Water Bottle,,Iprodione,Total,0.54,ng/L,,Final,,Actual,,,,,,**U**MS accuracy for some parameters not assessed due to high content of these parameters in the sample spiked.  Refer to the Lab Analysis Report for an explanation of QC Codes.,,,,,,,EPA 8270,21FLWQSP_WQX,EPA 8270,,E31780,2023-11-02,,Practical Quantitation Limit,2.7,ng/L,,STORET
21FLWQSP_WQX,"FDEP, Water Quality Standards and Special Projects (Florida)",21FLWQSP_WQX-CHIPOLA REF-10/25/23,Sample-Routine,Water,Surface Water,2023-10-25,10:40:00,EST,2023-10-25,10:40:00,EST,.1,m,,,,,,SCIREF,FDEP WATER QUALITY STANDARDS PROGRAM,21FLWQSP_WQX-31020012,,,,,Direct Grab,21FLWQSP_WQX,Direct Grab,Water Bottle,,Prometryn,Total,0.38,ng/L,,Final,,Actual,,,,,,**U**MS accuracy for some parameters not assessed due to high content of these parameters in the sample spiked.  Refer to the Lab Analysis Report for an explanation of QC Codes.,,,,,,,EPA 8270,21FLWQSP_WQX,EPA 8270,,E31780,2023-11-02,,Practical Quantitation Limit,1.9,ng/L,,STORET
21FLWQSP_WQX,"FDEP, Water Quality Standards and Special Projects (Florida)",21FLWQSP_WQX-CHIPOLA REF-10/25/23,Sample-Routine,Water,Surface Water,2023-10-25,10:40:00,EST,2023-10-25,10:40:00,EST,.1,m,,,,,,SCIREF,FDEP WATER QUALITY STANDARDS PROGRAM,21FLWQSP_WQX-31020012,,,,,Direct Grab,21FLWQSP_WQX,Direct Grab,Water Bottle,,Flutolanil,Total,0.11,ng/L,,Final,,Actual,,,,,,**U**MS accuracy for some parameters not assessed due to high content of these parameters in the sample spiked.  Refer to the Lab Analysis Report for an explanation of QC Codes.,,,,,,,EPA 8270,21FLWQSP_WQX,EPA 8270,,E31780,2023-11-02,,Practical Quantitation Limit,.54,ng/L,,STORET
21FLWQSP_WQX,"FDEP, Water Quality Standards and Special Projects (Florida)",21FLWQSP_WQX-CHIPOLA REF-10/25/23,Sample-Routine,Water,Surface Water,2023-10-25,10:40:00,EST,2023-10-25,10:40:00,EST,.1,m,,,,,,SCIREF,FDEP WATER QUALITY STANDARDS PROGRAM,21FLWQSP_WQX-31020012,,,,,Direct Grab,21FLWQSP_WQX,Direct Grab,Water Bottle,,Chlorpyrifos-methyl,Total,0.11,ng/L,,Final,,Actual,,,,,,**U**MS accuracy for some parameters not assessed due to high content of these parameters in the sample spiked.  Refer to the Lab Analysis Report for an explanation of QC Codes.,,,,,,,EPA 8270,21FLWQSP_WQX,EPA 8270,,E31780,2023-11-02,,Practical Quantitation Limit,.54,ng/L,,STORET
21FLWQSP_WQX,"FDEP, Water Quality Standards and Special Projects (Florida)",21FLWQSP_WQX-CHIPOLA REF-10/25/23,Sample-Routine,Water,Surface Water,2023-10-25,10:40:00,EST,2023-10-25,10:40:00,EST,.1,m,,,,,,SCIREF,FDEP WATER QUALITY STANDARDS PROGRAM,21FLWQSP_WQX-31020012,,,,,Direct Grab,21FLWQSP_WQX,Direct Grab,Water Bottle,,Phosphorus,Total,0.014,mg/L,,Final,,Actual,,,,,,,,,,,,,365.1,USEPA,Phosphorus by Colorimetry,https://www.nemi.gov/methods/method_summary/4823/,E31780,2023-10-31,,Practical Quantitation Limit,.005,mg/L,,STORET
21FLWQSP_WQX,"FDEP, Water Quality Standards and Special Projects (Florida)",21FLWQSP_WQX-CHIPOLA REF-10/25/23,Sample-Routine,Water,Surface Water,2023-10-25,10:40:00,EST,2023-10-25,10:40:00,EST,.1,m,,,,,,SCIREF,FDEP WATER QUALITY STANDARDS PROGRAM,21FLWQSP_WQX-31020012,,,,,Direct Grab,21FLWQSP_WQX,Direct Grab,Water Bottle,,Pheophytin a,Total,1,ug/L,,Final,,Actual,,,,,,**U**Precision data is not available for at least one component due to the small amount of analyte in the QC sample. Refer to QA report for available precision data.,,,,,,,10200-H,APHA,10200 H ~ Chlorophyll a-b-c Determination,,E31780,2023-10-31,,Practical Quantitation Limit,3.2,ug/L,,STORET
21FLWQSP_WQX,"FDEP, Water Quality Standards and Special Projects (Florida)",21FLWQSP_WQX-CHIPOLA REF-10/25/23,Sample-Routine,Water,Surface Water,2023-10-25,10:40:00,EST,2023-10-25,10:40:00,EST,.1,m,,,,,,SCIREF,FDEP WATER QUALITY STANDARDS PROGRAM,21FLWQSP_WQX-31020012,,,,,Direct Grab,21FLWQSP_WQX,Direct Grab,Water Bottle,,Fluridone,Total,0.0008,ug/L,,Final,,Actual,,,,,,**U**,,,,,,,8321,USEPA,Non-Volatile Compounds by HPLC,,E31780,2023-10-31,,Practical Quantitation Limit,.0032,ug/L,,STORET
21FLWQSP_WQX,"FDEP, Water Quality Standards and Special Projects (Florida)",21FLWQSP_WQX-CHIPOLA REF-10/25/23,Sample-Routine,Water,Surface Water,2023-10-25,10:40:00,EST,2023-10-25,10:40:00,EST,.1,m,,,,,,SCIREF,FDEP WATER QUALITY STANDARDS PROGRAM,21FLWQSP_WQX-31020012,,,,,Direct Grab,21FLWQSP_WQX,Direct Grab,Water Bottle,,Mevinphos,Total,1.1,ng/L,,Final,,Actual,,,,,,**U**MS accuracy for some parameters not assessed due to high content of these parameters in the sample spiked.  Refer to the Lab Analysis Report for an explanation of QC Codes.,,,,,,,EPA 8270,21FLWQSP_WQX,EPA 8270,,E31780,2023-11-02,,Practical Quantitation Limit,5.4,ng/L,,STORET
21FLWQSP_WQX,"FDEP, Water Quality Standards and Special Projects (Florida)",21FLWQSP_WQX-CHIPOLA REF-10/25/23,Sample-Routine,Water,Surface Water,2023-10-25,10:40:00,EST,2023-10-25,10:40:00,EST,.1,m,,,,,,SCIREF,FDEP WATER QUALITY STANDARDS PROGRAM,21FLWQSP_WQX-31020012,,,,,Direct Grab,21FLWQSP_WQX,Direct Grab,Water Bottle,,Molinate,Total,0.27,ng/L,,Final,,Actual,,,,,,**U**MS accuracy for some parameters not assessed due to high content of these parameters in the sample spiked.  Refer to the Lab Analysis Report for an explanation of QC Codes.,,,,,,,EPA 8270,21FLWQSP_WQX,EPA 8270,,E31780,2023-11-02,,Practical Quantitation Limit,1.3,ng/L,,STORET
21FLWQSP_WQX,"FDEP, Water Quality Standards and Special Projects (Florida)",21FLWQSP_WQX-CHIPOLA REF-10/25/23,Sample-Routine,Water,Surface Water,2023-10-25,10:40:00,EST,2023-10-25,10:40:00,EST,.1,m,,,,,,SCIREF,FDEP WATER QUALITY STANDARDS PROGRAM,21FLWQSP_WQX-31020012,,,,,Direct Grab,21FLWQSP_WQX,Direct Grab,Water Bottle,,BDE-099,Total,5.4,ng/L,,Final,,Actual,,,,,,**U**Refer to the Lab Analysis Report for an explanation of QC Codes.,,,,,,,EPA 8270,21FLWQSP_WQX,EPA 8270,,E31780,2023-11-01,,Practical Quantitation Limit,16,ng/L,,STORET
21FLWQSP_WQX,"FDEP, Water Quality Standards and Special Projects (Florida)",21FLWQSP_WQX-CHIPOLA REF-10/25/23,Sample-Routine,Water,Surface Water,2023-10-25,10:40:00,EST,2023-10-25,10:40:00,EST,.1,m,,,,,,SCIREF,FDEP WATER QUALITY STANDARDS PROGRAM,21FLWQSP_WQX-31020012,,,,,Direct Grab,21FLWQSP_WQX,Direct Grab,Water Bottle,,Cyanazine,Total,5.4,ng/L,,Final,,Actual,,,,,,**U**MS accuracy for some parameters not assessed due to high content of these parameters in the sample spiked.  Refer to the Lab Analysis Report for an explanation of QC Codes.,,,,,,,EPA 8270,21FLWQSP_WQX,EPA 8270,,E31780,2023-11-02,,Practical Quantitation Limit,27,ng/L,,STORET
21FLWQSP_WQX,"FDEP, Water Quality Standards and Special Projects (Florida)",21FLWQSP_WQX-CHIPOLA REF-10/25/23,Sample-Routine,Water,Surface Water,2023-10-25,10:40:00,EST,2023-10-25,10:40:00,EST,.1,m,,,,,,SCIREF,FDEP WATER QUALITY STANDARDS PROGRAM,21FLWQSP_WQX-31020012,,,,,Direct Grab,21FLWQSP_WQX,Direct Grab,Water Bottle,,Caffeine,Total,8.1,ng/L,,Final,,Actual,,,,,,**U**MS accuracy for some parameters not assessed due to high content of these parameters in the sample spiked.  Refer to the Lab Analysis Report for an explanation of QC Codes.,,,,,,,EPA 8270,21FLWQSP_WQX,EPA 8270,,E31780,2023-11-02,,Practical Quantitation Limit,40,ng/L,,STORET
21FLWQSP_WQX,"FDEP, Water Quality Standards and Special Projects (Florida)",21FLWQSP_WQX-CHIPOLA REF-10/25/23,Sample-Routine,Water,Surface Water,2023-10-25,10:40:00,EST,2023-10-25,10:40:00,EST,.1,m,,,,,,SCIREF,FDEP WATER QUALITY STANDARDS PROGRAM,21FLWQSP_WQX-31020012,,,,,Direct Grab,21FLWQSP_WQX,Direct Grab,Water Bottle,,Oxadiazon,Total,0.38,ng/L,,Final,,Actual,,,,,,**U**MS accuracy for some parameters not assessed due to high content of these parameters in the sample spiked.  Refer to the Lab Analysis Report for an explanation of QC Codes.,,,,,,,EPA 8270,21FLWQSP_WQX,EPA 8270,,E31780,2023-11-02,,Practical Quantitation Limit,1.9,ng/L,,STORET
21FLWQSP_WQX,"FDEP, Water Quality Standards and Special Projects (Florida)",21FLWQSP_WQX-CHIPOLA REF-10/25/23,Sample-Routine,Water,Surface Water,2023-10-25,10:40:00,EST,2023-10-25,10:40:00,EST,.1,m,,,,,,SCIREF,FDEP WATER QUALITY STANDARDS PROGRAM,21FLWQSP_WQX-31020012,,,,,Direct Grab,21FLWQSP_WQX,Direct Grab,Water Bottle,,GFD DNA marker,Total,180,tsc/100mL,,Final,,Actual,,,,,,**U**,,,,,,,PCR-1.3,21FLWQSP_WQX,PCR-1.3,,E31780,2023-11-20,,Practical Quantitation Limit,900,tsc/100mL,,STORET
21FLWQSP_WQX,"FDEP, Water Quality Standards and Special Projects (Florida)",21FLWQSP_WQX-CHIPOLA REF-10/25/23,Sample-Routine,Water,Surface Water,2023-10-25,10:40:00,EST,2023-10-25,10:40:00,EST,.1,m,,,,,,SCIREF,FDEP WATER QUALITY STANDARDS PROGRAM,21FLWQSP_WQX-31020012,,,,,Direct Grab,21FLWQSP_WQX,Direct Grab,Water Bottle,,"2,4-D",Total,0.002,ug/L,,Final,,Actual,,,,,,**U**,,,,,,,8321,USEPA,Non-Volatile Compounds by HPLC,,E31780,2023-10-31,,Practical Quantitation Limit,.008,ug/L,,STORET
21FLWQSP_WQX,"FDEP, Water Quality Standards and Special Projects (Florida)",21FLWQSP_WQX-CHIPOLA REF-10/25/23,Sample-Routine,Water,Surface Water,2023-10-25,10:40:00,EST,2023-10-25,10:40:00,EST,.1,m,,,,,,SCIREF,FDEP WATER QUALITY STANDARDS PROGRAM,21FLWQSP_WQX-31020012,,,,,Direct Grab,21FLWQSP_WQX,Direct Grab,Water Bottle,,Sulfentrazone,Total,1.5,ng/L,,Final,,Actual,,,,,,**U**MS accuracy for some parameters not assessed due to high content of these parameters in the sample spiked.  Refer to the Lab Analysis Report for an explanation of QC Codes.,,,,,,,EPA 8270,21FLWQSP_WQX,EPA 8270,,E31780,2023-11-02,,Practical Quantitation Limit,7.5,ng/L,,STORET
21FLWQSP_WQX,"FDEP, Water Quality Standards and Special Projects (Florida)",21FLWQSP_WQX-CHIPOLA REF-10/25/23,Sample-Routine,Water,Surface Water,2023-10-25,10:40:00,EST,2023-10-25,10:40:00,EST,.1,m,,,,,,SCIREF,FDEP WATER QUALITY STANDARDS PROGRAM,21FLWQSP_WQX-31020012,,,,,Direct Grab,21FLWQSP_WQX,Direct Grab,Water Bottle,,Fenuron,Total,0.032,ug/L,,Final,,Actual,,,,,,**U**,,,,,,,8321,USEPA,Non-Volatile Compounds by HPLC,,E31780,2023-10-31,,Practical Quantitation Limit,.13,ug/L,,STORET
21FLWQSP_WQX,"FDEP, Water Quality Standards and Special Projects (Florida)",21FLWQSP_WQX-CHIPOLA REF-10/25/23,Sample-Routine,Water,Surface Water,2023-10-25,10:40:00,EST,2023-10-25,10:40:00,EST,.1,m,,,,,,SCIREF,FDEP WATER QUALITY STANDARDS PROGRAM,21FLWQSP_WQX-31020012,,,,,Direct Grab,21FLWQSP_WQX,Direct Grab,Water Bottle,,Tolfenpyrad,Total,0.002,ug/L,,Final,,Actual,,,,,,**U**,,,,,,,8321,USEPA,Non-Volatile Compounds by HPLC,,E31780,2023-10-31,,Practical Quantitation Limit,.008,ug/L,,STORET
21FLWQSP_WQX,"FDEP, Water Quality Standards and Special Projects (Florida)",21FLWQSP_WQX-CHIPOLA REF-10/25/23,Sample-Routine,Water,Surface Water,2023-10-25,10:40:00,EST,2023-10-25,10:40:00,EST,.1,m,,,,,,SCIREF,FDEP WATER QUALITY STANDARDS PROGRAM,21FLWQSP_WQX-31020012,,,,,Direct Grab,21FLWQSP_WQX,Direct Grab,Water Bottle,,Fonofos,Total,0.16,ng/L,,Final,,Actual,,,,,,**U**MS accuracy for some parameters not assessed due to high content of these parameters in the sample spiked.  Refer to the Lab Analysis Report for an explanation of QC Codes.,,,,,,,EPA 8270,21FLWQSP_WQX,EPA 8270,,E31780,2023-11-02,,Practical Quantitation Limit,.81,ng/L,,STORET
21FLWQSP_WQX,"FDEP, Water Quality Standards and Special Projects (Florida)",21FLWQSP_WQX-CHIPOLA REF-10/25/23,Sample-Routine,Water,Surface Water,2023-10-25,10:40:00,EST,2023-10-25,10:40:00,EST,.1,m,,,,,,SCIREF,FDEP WATER QUALITY STANDARDS PROGRAM,21FLWQSP_WQX-31020012,,,,,Direct Grab,21FLWQSP_WQX,Direct Grab,Water Bottle,,Vanadium,Total,2,ug/L,,Final,,Actual,,,,,,**U**,,,,,,,200.7,USEPA,Metals in Water by ICP-AES,https://www.nemi.gov/methods/method_summary/4690/,E31780,2023-10-31,,Practical Quantitation Limit,8,ug/L,,STORET
21FLWQSP_WQX,"FDEP, Water Quality Standards and Special Projects (Florida)",21FLWQSP_WQX-CHIPOLA REF-10/25/23,Sample-Routine,Water,Surface Water,2023-10-25,10:40:00,EST,2023-10-25,10:40:00,EST,.1,m,,,,,,SCIREF,FDEP WATER QUALITY STANDARDS PROGRAM,21FLWQSP_WQX-31020012,,,,,Direct Grab,21FLWQSP_WQX,Direct Grab,Water Bottle,,Phorate,Total,0.27,ng/L,,Final,,Estimated,,,,,,**UJ**MS accuracy for some parameters not assessed due to high content of these parameters in the sample spiked.  Refer to the Lab Analysis Report for an explanation of QC Codes.,,,,,,,EPA 8270,21FLWQSP_WQX,EPA 8270,,E31780,2023-11-02,,Practical Quantitation Limit,1.3,ng/L,,STORET
21FLWQSP_WQX,"FDEP, Water Quality Standards and Special Projects (Florida)",21FLWQSP_WQX-CHIPOLA REF-10/25/23,Sample-Routine,Water,Surface Water,2023-10-25,10:40:00,EST,2023-10-25,10:40:00,EST,.1,m,,,,,,SCIREF,FDEP WATER QUALITY STANDARDS PROGRAM,21FLWQSP_WQX-31020012,,,,,Direct Grab,21FLWQSP_WQX,Direct Grab,Water Bottle,,Endothall,Total,0.25,ug/L,,Final,,Actual,,,,,,**U**,,,,,,,8321,USEPA,Non-Volatile Compounds by HPLC,,E31780,2023-10-26,,Practical Quantitation Limit,1,ug/L,,STORET
21FLWQSP_WQX,"FDEP, Water Quality Standards and Special Projects (Florida)",21FLWQSP_WQX-CHIPOLA REF-10/25/23,Sample-Routine,Water,Surface Water,2023-10-25,10:40:00,EST,2023-10-25,10:40:00,EST,.1,m,,,,,,SCIREF,FDEP WATER QUALITY STANDARDS PROGRAM,21FLWQSP_WQX-31020012,,,,,Direct Grab,21FLWQSP_WQX,Direct Grab,Water Bottle,,Afidopyropen,Total,0.002,ug/L,,Final,,Actual,,,,,,**U**,,,,,,,8321,USEPA,Non-Volatile Compounds by HPLC,,E31780,2023-10-31,,Practical Quantitation Limit,.008,ug/L,,STORET
21FLWQSP_WQX,"FDEP, Water Quality Standards and Special Projects (Florida)",21FLWQSP_WQX-CHIPOLA REF-10/25/23,Sample-Routine,Water,Surface Water,2023-10-25,10:40:00,EST,2023-10-25,10:40:00,EST,.1,m,,,,,,SCIREF,FDEP WATER QUALITY STANDARDS PROGRAM,21FLWQSP_WQX-31020012,,,,,Direct Grab,21FLWQSP_WQX,Direct Grab,Water Bottle,,Ethoprop,Total,0.13,ng/L,,Final,,Actual,,,,,,**U**MS accuracy for some parameters not assessed due to high content of these parameters in the sample spiked.  Refer to the Lab Analysis Report for an explanation of QC Codes.,,,,,,,EPA 8270,21FLWQSP_WQX,EPA 8270,,E31780,2023-11-02,,Practical Quantitation Limit,.67,ng/L,,STORET
21FLWQSP_WQX,"FDEP, Water Quality Standards and Special Projects (Florida)",21FLWQSP_WQX-CHIPOLA REF-10/25/23,Sample-Routine,Water,Surface Water,2023-10-25,10:40:00,EST,2023-10-25,10:40:00,EST,.1,m,,,,,,SCIREF,FDEP WATER QUALITY STANDARDS PROGRAM,21FLWQSP_WQX-31020012,,,,,Direct Grab,21FLWQSP_WQX,Direct Grab,Water Bottle,,Napropamide,Total,0.75,ng/L,,Final,,Actual,,,,,,**U**MS accuracy for some parameters not assessed due to high content of these parameters in the sample spiked.  Refer to the Lab Analysis Report for an explanation of QC Codes.,,,,,,,EPA 8270,21FLWQSP_WQX,EPA 8270,,E31780,2023-11-02,,Practical Quantitation Limit,3.8,ng/L,,STORET
21FLWQSP_WQX,"FDEP, Water Quality Standards and Special Projects (Florida)",21FLWQSP_WQX-CHIPOLA REF-10/25/23,Sample-Routine,Water,Surface Water,2023-10-25,10:40:00,EST,2023-10-25,10:40:00,EST,.1,m,,,,,,SCIREF,FDEP WATER QUALITY STANDARDS PROGRAM,21FLWQSP_WQX-31020012,,,,,Direct Grab,21FLWQSP_WQX,Direct Grab,Water Bottle,,Cadmium,Total,0.02,ug/L,,Final,,Actual,,,,,,**U**,,,,,,,200.8,USEPA,200.8 ~ EPA; Metals in Waters by ICP/MS,https://www.nemi.gov/methods/method_summary/4665/,E31780,2023-11-01,,Practical Quantitation Limit,.08,ug/L,,STORET
21FLWQSP_WQX,"FDEP, Water Quality Standards and Special Projects (Florida)",21FLWQSP_WQX-CHIPOLA REF-10/25/23,Sample-Routine,Water,Surface Water,2023-10-25,10:40:00,EST,2023-10-25,10:40:00,EST,.1,m,,,,,,SCIREF,FDEP WATER QUALITY STANDARDS PROGRAM,21FLWQSP_WQX-31020012,,,,,Direct Grab,21FLWQSP_WQX,Direct Grab,Water Bottle,,"Chlorophyll a, corrected for pheophytin",Total,0.98,ug/L,,Final,,Actual,,,,,,**I**Precision data is not available for at least one component due to the small amount of analyte in the QC sample. Refer to QA report for available precision data.,,,,,,,10200-H,APHA,10200 H ~ Chlorophyll a-b-c Determination,,E31780,2023-10-31,,Practical Quantitation Limit,2.9,ug/L,,STORET
21FLWQSP_WQX,"FDEP, Water Quality Standards and Special Projects (Florida)",21FLWQSP_WQX-CHIPOLA REF-10/25/23,Sample-Routine,Water,Surface Water,2023-10-25,10:40:00,EST,2023-10-25,10:40:00,EST,.1,m,,,,,,SCIREF,FDEP WATER QUALITY STANDARDS PROGRAM,21FLWQSP_WQX-31020012,,,,,Direct Grab,21FLWQSP_WQX,Direct Grab,Water Bottle,,Silvex,Total,0.004,ug/L,,Final,,Actual,,,,,,**U**,,,,,,,8321,USEPA,Non-Volatile Compounds by HPLC,,E31780,2023-10-31,,Practical Quantitation Limit,.016,ug/L,,STORET
21FLWQSP_WQX,"FDEP, Water Quality Standards and Special Projects (Florida)",21FLWQSP_WQX-CHIPOLA REF-10/25/23,Sample-Routine,Water,Surface Water,2023-10-25,10:40:00,EST,2023-10-25,10:40:00,EST,.1,m,,,,,,SCIREF,FDEP WATER QUALITY STANDARDS PROGRAM,21FLWQSP_WQX-31020012,,,,,Direct Grab,21FLWQSP_WQX,Direct Grab,Water Bottle,,2-Chloro-4-isopropylamino-6-amino-s-triazine,Total,1.4,ng/L,,Final,,Actual,,,,,,**U**MS accuracy for some parameters not assessed due to high content of these parameters in the sample spiked.  Refer to the Lab Analysis Report for an explanation of QC Codes.,,,,,,,EPA 8270,21FLWQSP_WQX,EPA 8270,,E31780,2023-11-02,,Practical Quantitation Limit,7,ng/L,,STORET
21FLWQSP_WQX,"FDEP, Water Quality Standards and Special Projects (Florida)",21FLWQSP_WQX-CHIPOLA REF-10/25/23,Sample-Routine,Water,Surface Water,2023-10-25,10:40:00,EST,2023-10-25,10:40:00,EST,.1,m,,,,,,SCIREF,FDEP WATER QUALITY STANDARDS PROGRAM,21FLWQSP_WQX-31020012,,,,,Direct Grab,21FLWQSP_WQX,Direct Grab,Water Bottle,,Magnesium,Total,6.24,mg/L,,Final,,Actual,,,,,,,,,,,,,200.7,USEPA,Metals in Water by ICP-AES,https://www.nemi.gov/methods/method_summary/4690/,E31780,2023-10-31,,Practical Quantitation Limit,.16,mg/L,,STORET
21FLWQSP_WQX,"FDEP, Water Quality Standards and Special Projects (Florida)",21FLWQSP_WQX-CHIPOLA REF-10/25/23,Sample-Routine,Water,Surface Water,2023-10-25,10:40:00,EST,2023-10-25,10:40:00,EST,.1,m,,,,,,SCIREF,FDEP WATER QUALITY STANDARDS PROGRAM,21FLWQSP_WQX-31020012,,,,,Direct Grab,21FLWQSP_WQX,Direct Grab,Water Bottle,,Fluxapyroxad,Total,0.28,ng/L,,Final,,Actual,,,,,,**I**MS accuracy for some parameters not assessed due to high content of these parameters in the sample spiked.  Refer to the Lab Analysis Report for an explanation of QC Codes.,,,,,,,EPA 8270,21FLWQSP_WQX,EPA 8270,,E31780,2023-11-02,,Practical Quantitation Limit,1.3,ng/L,,STORET
21FLWQSP_WQX,"FDEP, Water Quality Standards and Special Projects (Florida)",21FLWQSP_WQX-CHIPOLA REF-10/25/23,Sample-Routine,Water,Surface Water,2023-10-25,10:40:00,EST,2023-10-25,10:40:00,EST,.1,m,,,,,,SCIREF,FDEP WATER QUALITY STANDARDS PROGRAM,21FLWQSP_WQX-31020012,,,,,Direct Grab,21FLWQSP_WQX,Direct Grab,Water Bottle,,Potassium,Total,0.7,mg/L,,Final,,Actual,,,,,,**I**,,,,,,,200.7,USEPA,Metals in Water by ICP-AES,https://www.nemi.gov/methods/method_summary/4690/,E31780,2023-10-31,,Practical Quantitation Limit,1.2,mg/L,,STORET
21FLWQSP_WQX,"FDEP, Water Quality Standards and Special Projects (Florida)",21FLWQSP_WQX-CHIPOLA REF-10/25/23,Sample-Routine,Water,Surface Water,2023-10-25,10:40:00,EST,2023-10-25,10:40:00,EST,.1,m,,,,,,SCIREF,FDEP WATER QUALITY STANDARDS PROGRAM,21FLWQSP_WQX-31020012,,,,,Direct Grab,21FLWQSP_WQX,Direct Grab,Water Bottle,,Total Kjeldahl nitrogen (Organic N & NH3),Total,0.18,mg/L,,Final,,Actual,,,,,,**I**,,,,,,,351.2,USEPA,351.2 ~ EPA; Total Kjeldahl Nitrogen by Colorimetry,https://www.nemi.gov/methods/method_summary/9626/,E31780,2023-10-30,,Practical Quantitation Limit,.2,mg/L,,STORET
21FLWQSP_WQX,"FDEP, Water Quality Standards and Special Projects (Florida)",21FLWQSP_WQX-CHIPOLA REF-10/25/23,Sample-Routine,Water,Surface Water,2023-10-25,10:40:00,EST,2023-10-25,10:40:00,EST,.1,m,,,,,,SCIREF,FDEP WATER QUALITY STANDARDS PROGRAM,21FLWQSP_WQX-31020012,,,,,Direct Grab,21FLWQSP_WQX,Direct Grab,Water Bottle,,Carbophenothion,Total,0.54,ng/L,,Final,,Actual,,,,,,**U**MS accuracy for some parameters not assessed due to high content of these parameters in the sample spiked.  Refer to the Lab Analysis Report for an explanation of QC Codes.,,,,,,,EPA 8270,21FLWQSP_WQX,EPA 8270,,E31780,2023-11-02,,Practical Quantitation Limit,2.7,ng/L,,STORET
21FLWQSP_WQX,"FDEP, Water Quality Standards and Special Projects (Florida)",21FLWQSP_WQX-CHIPOLA REF-10/25/23,Sample-Routine,Water,Surface Water,2023-10-25,10:40:00,EST,2023-10-25,10:40:00,EST,.1,m,,,,,,SCIREF,FDEP WATER QUALITY STANDARDS PROGRAM,21FLWQSP_WQX-31020012,,,,,Direct Grab,21FLWQSP_WQX,Direct Grab,Water Bottle,,Ethion,Total,0.32,ng/L,,Final,,Actual,,,,,,**U**MS accuracy for some parameters not assessed due to high content of these parameters in the sample spiked.  Refer to the Lab Analysis Report for an explanation of QC Codes.,,,,,,,EPA 8270,21FLWQSP_WQX,EPA 8270,,E31780,2023-11-02,,Practical Quantitation Limit,1.6,ng/L,,STORET
21FLWQSP_WQX,"FDEP, Water Quality Standards and Special Projects (Florida)",21FLWQSP_WQX-CHIPOLA REF-10/25/23,Sample-Routine,Water,Surface Water,2023-10-25,10:40:00,EST,2023-10-25,10:40:00,EST,.1,m,,,,,,SCIREF,FDEP WATER QUALITY STANDARDS PROGRAM,21FLWQSP_WQX-31020012,,,,,Direct Grab,21FLWQSP_WQX,Direct Grab,Water Bottle,,BacR DNA marker,Total,760,tsc/100mL,,Final,,Actual,,,,,,**U**,,,,,,,PCR-1.4,21FLWQSP_WQX,PCR-1.4,,E31780,2023-11-17,,Practical Quantitation Limit,3800,tsc/100mL,,STORET
21FLWQSP_WQX,"FDEP, Water Quality Standards and Special Projects (Florida)",21FLWQSP_WQX-CHIPOLA REF-10/25/23,Sample-Routine,Water,Surface Water,2023-10-25,10:40:00,EST,2023-10-25,10:40:00,EST,.1,m,,,,,,SCIREF,FDEP WATER QUALITY STANDARDS PROGRAM,21FLWQSP_WQX-31020012,,,,,Direct Grab,21FLWQSP_WQX,Direct Grab,Water Bottle,,Tris(1-chloro-2-propyl) phosphate,Total,27,ng/L,,Final,,Actual,,,,,,**U**Refer to the Lab Analysis Report for an explanation of QC Codes.,,,,,,,EPA 8270,21FLWQSP_WQX,EPA 8270,,E31780,2023-11-01,,Practical Quantitation Limit,81,ng/L,,STORET
21FLWQSP_WQX,"FDEP, Water Quality Standards and Special Projects (Florida)",21FLWQSP_WQX-CHIPOLA REF-10/25/23,Sample-Routine,Water,Surface Water,2023-10-25,10:40:00,EST,2023-10-25,10:40:00,EST,.1,m,,,,,,SCIREF,FDEP WATER QUALITY STANDARDS PROGRAM,21FLWQSP_WQX-31020012,,,,,Direct Grab,21FLWQSP_WQX,Direct Grab,Water Bottle,,Sucralose,Total,0.12,ug/L,,Final,,Actual,,,,,,,,,,,,,8321,USEPA,Non-Volatile Compounds by HPLC,,E31780,2023-10-27,,Practical Quantitation Limit,.04,ug/L,,STORET
21FLWQSP_WQX,"FDEP, Water Quality Standards and Special Projects (Florida)",21FLWQSP_WQX-CHIPOLA REF-10/25/23,Sample-Routine,Water,Surface Water,2023-10-25,10:40:00,EST,2023-10-25,10:40:00,EST,.1,m,,,,,,SCIREF,FDEP WATER QUALITY STANDARDS PROGRAM,21FLWQSP_WQX-31020012,,,,,Direct Grab,21FLWQSP_WQX,Direct Grab,Water Bottle,,Chlorfenapyr,Total,0.32,ng/L,,Final,,Actual,,,,,,**U**MS accuracy for some parameters not assessed due to high content of these parameters in the sample spiked.  Refer to the Lab Analysis Report for an explanation of QC Codes.,,,,,,,EPA 8270,21FLWQSP_WQX,EPA 8270,,E31780,2023-11-02,,Practical Quantitation Limit,1.6,ng/L,,STORET